scenario,candidate,side,state,delay,observations
D0,uni_reversal_5,long,assumed_exited,0.0,6880
D0,uni_reversal_5,long,assumed_exited,1.0,2
D0,uni_reversal_5,long,measurable_cash_termination,,2
D0,uni_reversal_5,long,unresolved_execution,,1
D0,uni_reversal_5,short,assumed_exited,0.0,6882
D0,uni_reversal_5,short,assumed_exited,1.0,1
D0,uni_reversal_5,short,canceled_entry,,2
D0,ridge,long,assumed_exited,0.0,6876
D0,ridge,long,assumed_exited,1.0,1
D0,ridge,long,canceled_entry,,1
D0,ridge,long,measurable_cash_termination,,6
D0,ridge,long,unresolved_execution,,1
D0,ridge,short,assumed_exited,0.0,6884
D0,ridge,short,canceled_entry,,1
D2,uni_reversal_5,long,assumed_exited,0.0,6878
D2,uni_reversal_5,long,assumed_exited,1.0,3
D2,uni_reversal_5,long,assumed_exited,2.0,1
D2,uni_reversal_5,long,measurable_cash_termination,,2
D2,uni_reversal_5,long,unresolved_execution,,1
D2,uni_reversal_5,short,assumed_exited,0.0,6882
D2,uni_reversal_5,short,assumed_exited,1.0,1
D2,uni_reversal_5,short,canceled_entry,,2
D2,ridge,long,assumed_exited,0.0,6874
D2,ridge,long,assumed_exited,1.0,2
D2,ridge,long,assumed_exited,2.0,1
D2,ridge,long,canceled_entry,,1
D2,ridge,long,measurable_cash_termination,,6
D2,ridge,long,unresolved_execution,,1
D2,ridge,short,assumed_exited,0.0,6884
D2,ridge,short,canceled_entry,,1
D5,uni_reversal_5,long,assumed_exited,0.0,6878
D5,uni_reversal_5,long,assumed_exited,1.0,2
D5,uni_reversal_5,long,assumed_exited,4.0,1
D5,uni_reversal_5,long,assumed_exited,5.0,1
D5,uni_reversal_5,long,measurable_cash_termination,,2
D5,uni_reversal_5,long,unresolved_execution,,1
D5,uni_reversal_5,short,assumed_exited,0.0,6881
D5,uni_reversal_5,short,assumed_exited,1.0,2
D5,uni_reversal_5,short,canceled_entry,,2
D5,ridge,long,assumed_exited,0.0,6874
D5,ridge,long,assumed_exited,1.0,1
D5,ridge,long,assumed_exited,4.0,1
D5,ridge,long,assumed_exited,5.0,1
D5,ridge,long,canceled_entry,,1
D5,ridge,long,measurable_cash_termination,,6
D5,ridge,long,unresolved_execution,,1
D5,ridge,short,assumed_exited,0.0,6883
D5,ridge,short,assumed_exited,1.0,1
D5,ridge,short,canceled_entry,,1
