model,n_dates,mean,lag,se,t_stat,ci_lower,ci_upper,inference_status,median,std,positive_frequency
ridge,4279,0.01339902141433049,4,0.002788402357214796,4.805268285497414,0.0079338532197829,0.018864189608878083,observed,0.010386084748565342,0.1254579428687374,0.5384435615798083
ridge,4279,0.01339902141433049,20,0.0029641369522099784,4.520378656708338,0.00758941974275461,0.019208623085906373,observed,0.010386084748565342,0.1254579428687374,0.5384435615798083
equal_weight,4279,-0.0038384377418930714,4,0.003138689603413379,-1.2229427649420015,-0.0099901563232336,0.002313280839447457,observed,-0.0010853641763116531,0.12547337966995376,0.49520916101892964
equal_weight,4279,-0.0038384377418930714,20,0.0030843090896746075,-1.2445048891964403,-0.009883572474844822,0.002206696991058679,observed,-0.0010853641763116531,0.12547337966995376,0.49520916101892964
uni_reversal_5,4279,0.014786935651516888,4,0.0032768943299231676,4.512484737908406,0.008364340783723966,0.02120953051930981,observed,0.010387759220917564,0.1352417871642515,0.5356391680299135
uni_reversal_5,4279,0.014786935651516888,20,0.0033930335388063556,4.3580281427807,0.008136712117119943,0.021437159185913834,observed,0.010387759220917564,0.1352417871642515,0.5356391680299135
uni_momentum_60_skip5,4279,0.0022487222780803585,4,0.004255849133927184,0.5283839269944463,-0.006092588748052904,0.010590033304213622,observed,0.004982587120412676,0.1533388331338283,0.5162421126431409
uni_momentum_60_skip5,4279,0.0022487222780803585,20,0.004725299647802227,0.4758898790950234,-0.007012694847771809,0.011510139403932527,observed,0.004982587120412676,0.1533388331338283,0.5162421126431409
uni_volatility_20,4279,0.006039363794602546,4,0.005863901012005227,1.0299225348855807,-0.005453670997835674,0.017532398587040768,observed,-0.001187478549926914,0.21288281194523143,0.4968450572563683
uni_volatility_20,4279,0.006039363794602546,20,0.006166336051202036,0.9794088003726721,-0.00604643278232438,0.01812516037152947,observed,-0.001187478549926914,0.21288281194523143,0.4968450572563683
uni_turnover_20,4279,0.006072584383655531,4,0.004601065782780815,1.3198212480207907,-0.0029453388410944576,0.01509050760840552,observed,-0.0005498869912946635,0.16686154721189086,0.49964945080626316
uni_turnover_20,4279,0.006072584383655531,20,0.005005364386036625,1.2132152457463656,-0.003737749542475694,0.015882918309786755,observed,-0.0005498869912946635,0.16686154721189086,0.49964945080626316
uni_dollar_liquidity_20,4279,-0.0010584107176558103,4,0.0021616659460526617,-0.4896273263630465,-0.00529519811852573,0.00317837668321411,observed,-0.0014426372984394857,0.07950102097196426,0.49146996961906986
uni_dollar_liquidity_20,4279,-0.0010584107176558103,20,0.002369617675930625,-0.44665885488895946,-0.00570277601960934,0.0035859545842977197,observed,-0.0014426372984394857,0.07950102097196426,0.49146996961906986
uni_volume_shock_20,4279,-0.0002115877060102849,4,0.0013300450527472729,-0.15908311193913333,-0.0028184281072106162,0.002395252695190046,observed,-0.00017993083762557808,0.060373952241168705,0.4982472540313157
uni_volume_shock_20,4279,-0.0002115877060102849,20,0.0014799531909355714,-0.14296918801636357,-0.003112242659049135,0.002689067247028565,observed,-0.00017993083762557808,0.060373952241168705,0.4982472540313157
uni_gap_1,4279,0.006440531515144635,4,0.0018056521185510054,3.566872848305361,0.002901518394176216,0.009979544636113053,observed,0.003330468631328649,0.12318751716978006,0.5125029212432811
uni_gap_1,4279,0.006440531515144635,20,0.0017988176385035286,3.580424928734098,0.002914913728922328,0.00996614930136694,observed,0.003330468631328649,0.12318751716978006,0.5125029212432811
uni_intraday_1,4279,0.008127434305509395,4,0.001938629994035686,4.1923597233685355,0.00432778933785035,0.01192707927316844,observed,0.008438433547934754,0.12324506025801486,0.5307314793175976
uni_intraday_1,4279,0.008127434305509395,20,0.001851640789051824,4.389314792353023,0.004498285046662493,0.011756583564356297,observed,0.008438433547934754,0.12324506025801486,0.5307314793175976
raw_reversal_5,4279,0.014786935651516888,4,0.0032768943299231676,4.512484737908406,0.008364340783723966,0.02120953051930981,observed,0.010387759220917564,0.1352417871642515,0.5356391680299135
raw_reversal_5,4279,0.014786935651516888,20,0.0033930335388063556,4.3580281427807,0.008136712117119943,0.021437159185913834,observed,0.010387759220917564,0.1352417871642515,0.5356391680299135
raw_momentum_60_skip5,4279,0.0022487222780803585,4,0.004255849133927184,0.5283839269944463,-0.006092588748052904,0.010590033304213622,observed,0.004982587120412676,0.1533388331338283,0.5162421126431409
raw_momentum_60_skip5,4279,0.0022487222780803585,20,0.004725299647802227,0.4758898790950234,-0.007012694847771809,0.011510139403932527,observed,0.004982587120412676,0.1533388331338283,0.5162421126431409
raw_volatility_20,4279,-0.006039363794602546,4,0.005863901012005227,-1.0299225348855807,-0.017532398587040768,0.005453670997835674,observed,0.001187478549926914,0.21288281194523143,0.5031549427436317
raw_volatility_20,4279,-0.006039363794602546,20,0.006166336051202036,-0.9794088003726721,-0.01812516037152947,0.00604643278232438,observed,0.001187478549926914,0.21288281194523143,0.5031549427436317
raw_turnover_20,4279,-0.006072584383655531,4,0.004601065782780815,-1.3198212480207907,-0.01509050760840552,0.0029453388410944576,observed,0.0005498869912946635,0.16686154721189086,0.5003505491937369
raw_turnover_20,4279,-0.006072584383655531,20,0.005005364386036625,-1.2132152457463656,-0.015882918309786755,0.003737749542475694,observed,0.0005498869912946635,0.16686154721189086,0.5003505491937369
raw_dollar_liquidity_20,4279,-0.0005687912211482905,4,0.002161857139620796,-0.26310305649894156,-0.00480595335452583,0.0036683709122292485,observed,-0.0006906234684920384,0.0795060326743378,0.4959102594064034
raw_dollar_liquidity_20,4279,-0.0005687912211482905,20,0.002370686378902304,-0.23992681031544003,-0.0052152511424364825,0.004077668700139901,observed,-0.0006906234684920384,0.0795060326743378,0.4959102594064034
raw_volume_shock_20,4279,0.0002115877060102849,4,0.0013300450527472729,0.15908311193913333,-0.002395252695190046,0.0028184281072106162,observed,0.00017993083762557808,0.060373952241168705,0.5017527459686842
raw_volume_shock_20,4279,0.0002115877060102849,20,0.0014799531909355714,0.14296918801636357,-0.002689067247028565,0.003112242659049135,observed,0.00017993083762557808,0.060373952241168705,0.5017527459686842
raw_gap_1,4279,-0.006440524605478379,4,0.001805652461516625,-3.566868344126852,-0.00997953839864706,-0.0029015108123096977,observed,-0.003330468631328649,0.12318752659309812,0.4874970787567189
raw_gap_1,4279,-0.006440524605478379,20,0.0017988186623955273,-3.5804190495229724,-0.009966144398492126,-0.002914904812464631,observed,-0.003330468631328649,0.12318752659309812,0.4874970787567189
raw_intraday_1,4279,-0.008127434305509395,4,0.001938629994035686,-4.1923597233685355,-0.01192707927316844,-0.00432778933785035,observed,-0.008438433547934754,0.12324506025801486,0.46926852068240243
raw_intraday_1,4279,-0.008127434305509395,20,0.001851640789051824,-4.389314792353023,-0.011756583564356297,-0.004498285046662493,observed,-0.008438433547934754,0.12324506025801486,0.46926852068240243
