benchmark,n_dates,mean,lag,se,t_stat,ci_lower,ci_upper,inference_status,median,std,positive_frequency
equal_weight,4279,0.017237459156223562,4,0.004133985922760673,4.169694691343409,0.009134995635017061,0.025339922677430064,observed,0.012600261044030482,0.18197049553022537,0.5337695723299837
equal_weight,4279,0.017237459156223562,20,0.004218777538096807,4.085889573594297,0.008968807122767266,0.02550611118967986,observed,0.012600261044030482,0.18197049553022537,0.5337695723299837
uni_reversal_5,4279,-0.0013879142371863989,4,0.0019558702576716043,-0.7096146749726961,-0.005221349500655819,0.002445521026283021,observed,0.0007017459985201868,0.08405711311371815,0.5045571395185791
uni_reversal_5,4279,-0.0013879142371863989,20,0.0021050666773891214,-0.6593207959131278,-0.005513769109924473,0.002737940635551676,observed,0.0007017459985201868,0.08405711311371815,0.5045571395185791
uni_momentum_60_skip5,4279,0.011150299136250132,4,0.004401400072804928,2.533352785888482,0.0025237135120005014,0.019776884760499762,observed,0.0016213521547993465,0.17213299063202894,0.5061930357560177
uni_momentum_60_skip5,4279,0.011150299136250132,20,0.004640436750914955,2.402855535969029,0.002055210231920755,0.020245388040579508,observed,0.0016213521547993465,0.17213299063202894,0.5061930357560177
uni_volatility_20,4279,0.007359657619727947,4,0.005942014385993907,1.2385795694260868,-0.004286476572438994,0.01900579181189489,observed,0.00634014648344939,0.23022916754634615,0.5157747137181584
uni_volatility_20,4279,0.007359657619727947,20,0.00600597388627103,1.2253895469894205,-0.0044118348894513345,0.019131150128907228,observed,0.00634014648344939,0.23022916754634615,0.5157747137181584
uni_turnover_20,4279,0.007326437030674961,4,0.0049262633615106514,1.4872199257386616,-0.002328861736245136,0.016981735797595057,observed,0.009354405577969342,0.19492752519049528,0.522318298667913
uni_turnover_20,4279,0.007326437030674961,20,0.005132577675084961,1.4274381206619895,-0.0027332303603458865,0.01738610442169581,observed,0.009354405577969342,0.19492752519049528,0.522318298667913
uni_dollar_liquidity_20,4279,0.014457432131986303,4,0.003614797237856126,3.9995139922594265,0.007372559734373428,0.02154230452959918,observed,0.010710101959885324,0.15122474292610133,0.5307314793175976
uni_dollar_liquidity_20,4279,0.014457432131986303,20,0.003889972921098719,3.716589401836457,0.006833225305796745,0.022081638958175862,observed,0.010710101959885324,0.15122474292610133,0.5307314793175976
uni_volume_shock_20,4279,0.013610609120340776,4,0.0031019585969582304,4.38774686860337,0.0075308819887682475,0.019690336251913305,observed,0.010080854820280524,0.13710960980206022,0.5307314793175976
uni_volume_shock_20,4279,0.013610609120340776,20,0.0034280208341523483,3.9703985998983264,0.00689181174714922,0.020329406493532334,observed,0.010080854820280524,0.13710960980206022,0.5307314793175976
uni_gap_1,4279,0.006958489899185857,4,0.00291939511719789,2.3835382398888143,0.0012365806128359028,0.01268039918553581,observed,0.004404796072467548,0.15270040608346985,0.5160084131806497
uni_gap_1,4279,0.006958489899185857,20,0.0030735304545589357,2.2640055148516263,0.000934480902863322,0.012982498895508392,observed,0.004404796072467548,0.15270040608346985,0.5160084131806497
uni_intraday_1,4279,0.0052715871088210966,4,0.002183139026458332,2.4146822739791793,0.0009927132437189297,0.009550460973923263,observed,0.0036726622063127465,0.09795000245430639,0.518345407805562
uni_intraday_1,4279,0.0052715871088210966,20,0.0024204447599320365,2.177941507315836,0.0005276025527856075,0.010015571664856586,observed,0.0036726622063127465,0.09795000245430639,0.518345407805562
raw_reversal_5,4279,-0.0013879142371863989,4,0.0019558702576716043,-0.7096146749726961,-0.005221349500655819,0.002445521026283021,observed,0.0007017459985201868,0.08405711311371815,0.5045571395185791
raw_reversal_5,4279,-0.0013879142371863989,20,0.0021050666773891214,-0.6593207959131278,-0.005513769109924473,0.002737940635551676,observed,0.0007017459985201868,0.08405711311371815,0.5045571395185791
raw_momentum_60_skip5,4279,0.011150299136250132,4,0.004401400072804928,2.533352785888482,0.0025237135120005014,0.019776884760499762,observed,0.0016213521547993465,0.17213299063202894,0.5061930357560177
raw_momentum_60_skip5,4279,0.011150299136250132,20,0.004640436750914955,2.402855535969029,0.002055210231920755,0.020245388040579508,observed,0.0016213521547993465,0.17213299063202894,0.5061930357560177
raw_volatility_20,4279,0.019438385208933037,4,0.007000964976721097,2.7765294175256687,0.005716745997533388,0.03316002442033268,observed,0.009630727550369506,0.26289181142067697,0.5195139051180182
raw_volatility_20,4279,0.019438385208933037,20,0.007586032824411696,2.562391392030458,0.004570034087547447,0.034306736330318624,observed,0.009630727550369506,0.26289181142067697,0.5195139051180182
raw_turnover_20,4279,0.019471605797986024,4,0.005798440943860059,3.3580760736391415,0.008106870381537871,0.030836341214434175,observed,0.011988954738918027,0.22173904179623344,0.5253563916802991
raw_turnover_20,4279,0.019471605797986024,20,0.006429324025598681,3.0285619017580747,0.0068703622628745326,0.032072849333097515,observed,0.011988954738918027,0.22173904179623344,0.5253563916802991
raw_dollar_liquidity_20,4279,0.013967812635478782,4,0.0034579173769647598,4.039371422963045,0.007190419115112639,0.020745206155844926,observed,0.011947329507586838,0.14650017536295767,0.5337695723299837
raw_dollar_liquidity_20,4279,0.013967812635478782,20,0.003678137291551537,3.7975234550276356,0.006758796013844069,0.021176829257113495,observed,0.011947329507586838,0.14650017536295767,0.5337695723299837
raw_volume_shock_20,4279,0.013187433708320206,4,0.0030767300757255185,4.286184807814348,0.007157153569746997,0.019217713846893414,observed,0.009336758554777905,0.1413165736071866,0.5288618836176677
raw_volume_shock_20,4279,0.013187433708320206,20,0.003193964902476464,4.128859931458619,0.006927377531581351,0.019447489885059063,observed,0.009336758554777905,0.1413165736071866,0.5288618836176677
raw_gap_1,4279,0.01983954601980887,4,0.003680797314841094,5.390013174541064,0.012625315848328586,0.027053776191289153,observed,0.013796582330337898,0.1962455351230082,0.5382098621173171
raw_gap_1,4279,0.01983954601980887,20,0.0038206181810783954,5.192758103404361,0.012351271986216283,0.027327820053401456,observed,0.013796582330337898,0.1962455351230082,0.5382098621173171
raw_intraday_1,4279,0.02152645571983989,4,0.004277949498316482,5.031956484832576,0.013141828775458391,0.029911082664221385,observed,0.019155450285327422,0.22861294283770453,0.536106566954896
raw_intraday_1,4279,0.02152645571983989,20,0.004309386282336708,4.995248582860261,0.013080213810988985,0.029972697628690793,observed,0.019155450285327422,0.22861294283770453,0.536106566954896
