model,ascending_steps,descending_steps,strictly_increasing,strictly_decreasing,q5_minus_q1
ridge,4,0,True,False,0.0015180340242909364
equal_weight,2,2,False,False,-2.4269435015267238e-06
uni_reversal_5,4,0,True,False,0.001925622800992371
uni_momentum_60_skip5,3,1,False,False,0.00013861767063550042
uni_volatility_20,1,3,False,False,-0.000354353084553183
uni_turnover_20,2,2,False,False,-0.00011473828117148288
uni_dollar_liquidity_20,3,1,False,False,0.00018858091662857322
uni_volume_shock_20,2,2,False,False,7.741476327612204e-05
uni_gap_1,4,0,True,False,0.0007968681706756217
uni_intraday_1,4,0,True,False,0.0011138616498631664
raw_reversal_5,4,0,True,False,0.001925622800992371
raw_momentum_60_skip5,3,1,False,False,0.00013861767063550042
raw_volatility_20,3,1,False,False,0.000354353084553183
raw_turnover_20,2,2,False,False,0.00011473828117148288
raw_dollar_liquidity_20,1,3,False,False,-0.00027952597902342275
raw_volume_shock_20,2,2,False,False,-7.741476327612204e-05
raw_gap_1,0,4,False,True,-0.0007974842167339596
raw_intraday_1,0,4,False,True,-0.001113728596648856
