model,positive_years,years,positive_quarters,quarters,min_annual_mean,max_annual_mean
ridge,13,17,48,68,-0.0180638933933419,0.0315156725846866
equal_weight,6,17,32,68,-0.0240685010507991,0.018364096480967
uni_reversal_5,13,17,46,68,-0.0086927769280065,0.030279157441517
uni_momentum_60_skip5,10,17,34,68,-0.0466677342488387,0.0657001197087329
uni_volatility_20,10,17,39,68,-0.034813229801764,0.0368347808229452
uni_turnover_20,11,17,32,68,-0.0443801424354326,0.0337981124122052
uni_dollar_liquidity_20,8,17,39,68,-0.0177838878121376,0.0127767374670802
uni_volume_shock_20,10,17,33,68,-0.0118575478418963,0.0100406962354042
uni_gap_1,14,17,47,68,-0.0097552301985491,0.0244625755178973
uni_intraday_1,16,17,49,68,-0.0048262481075586,0.0210330489949503
raw_reversal_5,13,17,46,68,-0.0086927769280065,0.030279157441517
raw_momentum_60_skip5,10,17,34,68,-0.0466677342488387,0.0657001197087329
raw_volatility_20,7,17,29,68,-0.0368347808229452,0.034813229801764
raw_turnover_20,6,17,36,68,-0.0337981124122052,0.0443801424354326
raw_dollar_liquidity_20,7,17,28,68,-0.0127767374670802,0.0177838878121376
raw_volume_shock_20,7,17,35,68,-0.0100406962354042,0.0118575478418963
raw_gap_1,3,17,21,68,-0.0244625755178973,0.0097553475257789
raw_intraday_1,1,17,19,68,-0.0210330489949503,0.0048262481075586
