model,sample,year,n_dates,mean,lag,se,t_stat,ci_lower,ci_upper,inference_status,median,std,positive_frequency
raw_reversal,primary_available,2020,253,0.03068143982658138,4,0.025263756382360853,1.2144448894386566,-0.01883461279703982,0.08019749245020258,observed,0.00650000383706395,0.2327523479119824,0.5177865612648221
raw_reversal,primary_available,2021,252,0.009041666405024153,4,0.01860651088960205,0.4859409944546316,-0.02742642481654819,0.045509757626596495,observed,-0.0031853132451702716,0.18303170056730395,0.49603174603174605
raw_reversal,primary_available,2022,251,0.02519540725822632,4,0.01582944721302415,1.5916795399839385,-0.005829739174478949,0.05622055369093158,observed,0.016859834729338198,0.17167949821826206,0.5338645418326693
raw_reversal,primary_available,2023,250,0.0025116674697890076,4,0.012701399405718974,0.1977473024474843,-0.022382617918678627,0.027405952858256644,observed,0.0016431437129120572,0.13211537758752243,0.512
raw_reversal,primary_available,2024,252,0.016488442057001697,4,0.009997761589729873,1.6492133673140723,-0.003106810584886769,0.03608369469889017,observed,0.002283335038365716,0.10417212316433716,0.5079365079365079
raw_reversal,primary_available,2025,244,0.01069535983256486,4,0.014182166485320027,0.7541414665830949,-0.017101175701413396,0.038491895366543113,observed,0.0015706326943475512,0.14549446335265714,0.5122950819672131
raw_reversal,matched_complete8,2020,253,0.03066567950037769,4,0.025268110976059962,1.213611873457086,-0.01885890797006107,0.08019026697081645,observed,0.009428781002749012,0.23314391670866624,0.525691699604743
raw_reversal,matched_complete8,2021,252,0.009034106711392443,4,0.018616491441348845,0.4852743998435122,-0.027453546032149452,0.04552175945493434,observed,-0.0014990185954608809,0.18396878036435177,0.5
raw_reversal,matched_complete8,2022,251,0.02595422709592529,4,0.015833134640148093,1.6392349137304203,-0.005078146561138523,0.0569866007529891,observed,0.01925648686792587,0.1718329819226733,0.5338645418326693
raw_reversal,matched_complete8,2023,250,0.0029461914160624357,4,0.012722781694126087,0.23156818114883218,-0.02199000248759019,0.02788238531971506,observed,0.001372384240333225,0.1324049163026044,0.504
raw_reversal,matched_complete8,2024,252,0.016629745727934846,4,0.010020522290270615,1.659568757616699,-0.0030101170672763786,0.03626960852314607,observed,0.003569003264449107,0.10431846174892732,0.5158730158730159
raw_reversal,matched_complete8,2025,244,0.010736812597363957,4,0.014220747099021823,0.7550104451335395,-0.01713533954997127,0.03860896474469918,observed,0.0010254785296794724,0.14597810622582472,0.5040983606557377
univariate_reversal_ridge,primary_available,2020,253,0.03066567950037769,4,0.025268110976059962,1.213611873457086,-0.01885890797006107,0.08019026697081645,observed,0.009428781002749012,0.23314391670866624,0.525691699604743
univariate_reversal_ridge,primary_available,2021,252,0.009034106711392443,4,0.018616491441348845,0.4852743998435122,-0.027453546032149452,0.04552175945493434,observed,-0.0014990185954608809,0.18396878036435177,0.5
univariate_reversal_ridge,primary_available,2022,251,0.02595422709592529,4,0.015833134640148093,1.6392349137304203,-0.005078146561138523,0.0569866007529891,observed,0.01925648686792587,0.1718329819226733,0.5338645418326693
univariate_reversal_ridge,primary_available,2023,250,0.0029461914160624357,4,0.012722781694126087,0.23156818114883218,-0.02199000248759019,0.02788238531971506,observed,0.001372384240333225,0.1324049163026044,0.504
univariate_reversal_ridge,primary_available,2024,252,0.016629745727934846,4,0.010020522290270615,1.659568757616699,-0.0030101170672763786,0.03626960852314607,observed,0.003569003264449107,0.10431846174892732,0.5158730158730159
univariate_reversal_ridge,primary_available,2025,244,0.010736812597363957,4,0.014220747099021823,0.7550104451335395,-0.01713533954997127,0.03860896474469918,observed,0.0010254785296794724,0.14597810622582472,0.5040983606557377
univariate_reversal_ridge,matched_complete8,2020,253,0.03066567950037769,4,0.025268110976059962,1.213611873457086,-0.01885890797006107,0.08019026697081645,observed,0.009428781002749012,0.23314391670866624,0.525691699604743
univariate_reversal_ridge,matched_complete8,2021,252,0.009034106711392443,4,0.018616491441348845,0.4852743998435122,-0.027453546032149452,0.04552175945493434,observed,-0.0014990185954608809,0.18396878036435177,0.5
univariate_reversal_ridge,matched_complete8,2022,251,0.02595422709592529,4,0.015833134640148093,1.6392349137304203,-0.005078146561138523,0.0569866007529891,observed,0.01925648686792587,0.1718329819226733,0.5338645418326693
univariate_reversal_ridge,matched_complete8,2023,250,0.0029461914160624357,4,0.012722781694126087,0.23156818114883218,-0.02199000248759019,0.02788238531971506,observed,0.001372384240333225,0.1324049163026044,0.504
univariate_reversal_ridge,matched_complete8,2024,252,0.016629745727934846,4,0.010020522290270615,1.659568757616699,-0.0030101170672763786,0.03626960852314607,observed,0.003569003264449107,0.10431846174892732,0.5158730158730159
univariate_reversal_ridge,matched_complete8,2025,244,0.010736812597363957,4,0.014220747099021823,0.7550104451335395,-0.01713533954997127,0.03860896474469918,observed,0.0010254785296794724,0.14597810622582472,0.5040983606557377
ridge,primary_available,2020,253,0.02985822166991276,4,0.021232055677661173,1.4062803019741237,-0.011755842776052308,0.07147228611587783,observed,0.015798943500209578,0.20740940971173705,0.541501976284585
ridge,primary_available,2021,252,0.009675674360671101,4,0.015822740419035777,0.6115043351801842,-0.02133632699736522,0.040687675718707426,observed,-0.008570008276803712,0.1709413053889471,0.47619047619047616
ridge,primary_available,2022,251,0.02588222920531593,4,0.012418945823937405,2.08409228707868,0.0015415426644445097,0.050222915746187355,observed,0.02375899455358503,0.1607264022749319,0.549800796812749
ridge,primary_available,2023,250,0.004182140096839616,4,0.012969201249564303,0.32246705223886585,-0.021237027260558282,0.029601307454237516,observed,0.01444557799440515,0.1382549580361523,0.54
ridge,primary_available,2024,252,0.01879122021007319,4,0.008172247047564795,2.299394536252142,0.0027739103240824008,0.03480853009606398,observed,0.02313257226497169,0.1001282398145653,0.5515873015873016
ridge,primary_available,2025,244,0.0052037658364280145,4,0.01368062143699772,0.38037496033294277,-0.021609759466214115,0.03201729113907015,observed,0.006446055199445156,0.14377496553429125,0.5163934426229508
ridge,matched_complete8,2020,253,0.02985822166991276,4,0.021232055677661173,1.4062803019741237,-0.011755842776052308,0.07147228611587783,observed,0.015798943500209578,0.20740940971173705,0.541501976284585
ridge,matched_complete8,2021,252,0.009675674360671101,4,0.015822740419035777,0.6115043351801842,-0.02133632699736522,0.040687675718707426,observed,-0.008570008276803712,0.1709413053889471,0.47619047619047616
ridge,matched_complete8,2022,251,0.02588222920531593,4,0.012418945823937405,2.08409228707868,0.0015415426644445097,0.050222915746187355,observed,0.02375899455358503,0.1607264022749319,0.549800796812749
ridge,matched_complete8,2023,250,0.004182140096839616,4,0.012969201249564303,0.32246705223886585,-0.021237027260558282,0.029601307454237516,observed,0.01444557799440515,0.1382549580361523,0.54
ridge,matched_complete8,2024,252,0.01879122021007319,4,0.008172247047564795,2.299394536252142,0.0027739103240824008,0.03480853009606398,observed,0.02313257226497169,0.1001282398145653,0.5515873015873016
ridge,matched_complete8,2025,244,0.0052037658364280145,4,0.01368062143699772,0.38037496033294277,-0.021609759466214115,0.03201729113907015,observed,0.006446055199445156,0.14377496553429125,0.5163934426229508
