model,label_status,original_eligible,numeric_labels,predictions,evaluated_pairs,prediction_eligible_pct,evaluation_eligible_pct
raw_reversal,administrative_right_censoring,8686,0,8685,0,99.9884872208151,0.0
raw_reversal,measurable_cash_only_delisting,1067,1067,1067,1067,100.0,100.0
raw_reversal,measurable_ordinary_event_adjusted,1871613,1871613,1871179,1871179,99.97681144552854,99.97681144552854
raw_reversal,missing_entry_measurement,364,0,362,0,99.45054945054945,0.0
raw_reversal,other_unresolved_corporate_action,366,0,366,0,100.0,0.0
raw_reversal,valid_entry_unresolved_exit_wealth,553,0,553,0,100.0,0.0
univariate_reversal_ridge,administrative_right_censoring,8686,0,8569,0,98.65300483536726,0.0
univariate_reversal_ridge,measurable_cash_only_delisting,1067,1067,1062,1062,99.53139643861293,99.53139643861293
univariate_reversal_ridge,measurable_ordinary_event_adjusted,1871613,1871613,1841915,1841915,98.41324034402412,98.41324034402412
univariate_reversal_ridge,missing_entry_measurement,364,0,360,0,98.9010989010989,0.0
univariate_reversal_ridge,other_unresolved_corporate_action,366,0,361,0,98.63387978142076,0.0
univariate_reversal_ridge,valid_entry_unresolved_exit_wealth,553,0,549,0,99.27667269439421,0.0
ridge,administrative_right_censoring,8686,0,8569,0,98.65300483536726,0.0
ridge,measurable_cash_only_delisting,1067,1067,1062,1062,99.53139643861293,99.53139643861293
ridge,measurable_ordinary_event_adjusted,1871613,1871613,1841915,1841915,98.41324034402412,98.41324034402412
ridge,missing_entry_measurement,364,0,360,0,98.9010989010989,0.0
ridge,other_unresolved_corporate_action,366,0,361,0,98.63387978142076,0.0
ridge,valid_entry_unresolved_exit_wealth,553,0,549,0,99.27667269439421,0.0
