feature,reason,observations
reversal_5,insufficient_or_invalid_through_t_inputs,432
reversal_5,observed,1882212
reversal_5,timing_ambiguous,5
momentum_60_skip5,insufficient_or_invalid_through_t_inputs,13091
momentum_60_skip5,observed,1869503
momentum_60_skip5,timing_ambiguous,55
volatility_20,insufficient_or_invalid_through_t_inputs,3335
volatility_20,observed,1879294
volatility_20,timing_ambiguous,20
turnover_20,observed,1882649
dollar_liquidity_20,observed,1882649
volume_shock_20,insufficient_or_invalid_through_t_inputs,294
volume_shock_20,observed,1882355
gap_1,insufficient_or_invalid_through_t_inputs,16421
gap_1,observed,1866227
gap_1,timing_ambiguous,1
intraday_1,insufficient_or_invalid_through_t_inputs,10
intraday_1,observed,1882639
