model,sample,n_dates,mean,lag,se,t_stat,ci_lower,ci_upper,inference_status,median,std,positive_frequency
raw_reversal,primary_available,1502,0.015817325896779953,4,0.00691544502450243,2.287246278545612,0.002263302711688479,0.029371349081871424,observed,0.004422783236112957,0.16684385588504744,0.5133155792276964
raw_reversal,primary_available,1502,0.015817325896779953,20,0.007331983973441049,2.1573050287719817,0.001446901373610615,0.03018775041994929,observed,0.004422783236112957,0.16684385588504744,0.5133155792276964
raw_reversal,matched_complete8,1502,0.016042975271075698,4,0.006921762780981651,2.3177586084220687,0.0024765695108218567,0.02960938103132954,observed,0.0056362826576352824,0.1672568537906214,0.5139813581890812
raw_reversal,matched_complete8,1502,0.016042975271075698,20,0.007347588053589742,2.1834342309430004,0.0016419673128030467,0.030443983229348347,observed,0.0056362826576352824,0.1672568537906214,0.5139813581890812
univariate_reversal_ridge,primary_available,1502,0.016042975271075698,4,0.006921762780981651,2.3177586084220687,0.0024765695108218567,0.02960938103132954,observed,0.0056362826576352824,0.1672568537906214,0.5139813581890812
univariate_reversal_ridge,primary_available,1502,0.016042975271075698,20,0.007347588053589742,2.1834342309430004,0.0016419673128030467,0.030443983229348347,observed,0.0056362826576352824,0.1672568537906214,0.5139813581890812
univariate_reversal_ridge,matched_complete8,1502,0.016042975271075698,4,0.006921762780981651,2.3177586084220687,0.0024765695108218567,0.02960938103132954,observed,0.0056362826576352824,0.1672568537906214,0.5139813581890812
univariate_reversal_ridge,matched_complete8,1502,0.016042975271075698,20,0.007347588053589742,2.1834342309430004,0.0016419673128030467,0.030443983229348347,observed,0.0056362826576352824,0.1672568537906214,0.5139813581890812
ridge,primary_available,1502,0.01567209116720914,4,0.005992541691615189,2.615266104721082,0.00392692527578864,0.027417257058629643,observed,0.012317424003987599,0.15717523470592787,0.5292942743009321
ridge,primary_available,1502,0.01567209116720914,20,0.006280552627147886,2.4953363338547687,0.0033624342149908663,0.027981748119427417,observed,0.012317424003987599,0.15717523470592787,0.5292942743009321
ridge,matched_complete8,1502,0.01567209116720914,4,0.005992541691615189,2.615266104721082,0.00392692527578864,0.027417257058629643,observed,0.012317424003987599,0.15717523470592787,0.5292942743009321
ridge,matched_complete8,1502,0.01567209116720914,20,0.006280552627147886,2.4953363338547687,0.0033624342149908663,0.027981748119427417,observed,0.012317424003987599,0.15717523470592787,0.5292942743009321
