model,sample,phase,n_dates,mean,lag,se,t_stat,ci_lower,ci_upper,inference_status,median,std,positive_frequency
raw_reversal,primary_available,0,301,0.010010301039488499,4,0.008469281829842457,1.1819539413856897,-0.0065891863219222045,0.0266097884008992,observed,-0.004853322039497001,0.16292172510727876,0.4750830564784053
raw_reversal,primary_available,1,300,0.02362424054084845,4,0.009232887966384865,2.5587054263909277,0.005528112653440855,0.04172036842825605,observed,0.012240273866560354,0.17140956956719833,0.5366666666666666
raw_reversal,primary_available,2,300,0.016826126761396255,4,0.010196064729185366,1.650256957788126,-0.0031577928918462006,0.03681004641463871,observed,0.002897613088566473,0.1801075836836778,0.52
raw_reversal,primary_available,3,300,0.017467782128823994,4,0.009949123485499724,1.7557106567510476,-0.0020321415804970752,0.036967705838145064,observed,-0.0008549523972869262,0.16450484003539434,0.49666666666666665
raw_reversal,primary_available,4,301,0.01119295034802936,4,0.00811573768271759,1.3791661073354644,-0.004713603218071674,0.027099503914130393,observed,0.010147476455803897,0.1550100988104283,0.5382059800664452
raw_reversal,matched_complete8,0,301,0.010327226294301424,4,0.008484619542952185,1.2171702269054379,-0.0063023224324095534,0.026956775021012402,observed,-0.002700644125877246,0.16319250331970694,0.4950166112956811
raw_reversal,matched_complete8,1,300,0.02381992369254959,4,0.0092314562415403,2.580299691544132,0.0057266019342731116,0.04191324545082607,observed,0.012743428071962914,0.17160552889232072,0.5333333333333333
raw_reversal,matched_complete8,2,300,0.016847206076293197,4,0.010242664179768568,1.6448070326829614,-0.0032280468217916886,0.03692245897437808,observed,0.0023736380058937434,0.18059510120583486,0.51
raw_reversal,matched_complete8,3,300,0.017855960364150304,4,0.00999707040428144,1.78611929715961,-0.0017379375791525958,0.037449858307453204,observed,0.00024248563120282744,0.16502504088871692,0.5
raw_reversal,matched_complete8,4,301,0.0113990920354586,4,0.008184296023247233,1.392800554021976,-0.004641833408920366,0.027440017479837563,observed,0.009428781002749012,0.1556221171729435,0.53156146179402
univariate_reversal_ridge,primary_available,0,301,0.010327226294301424,4,0.008484619542952185,1.2171702269054379,-0.0063023224324095534,0.026956775021012402,observed,-0.002700644125877246,0.16319250331970694,0.4950166112956811
univariate_reversal_ridge,primary_available,1,300,0.02381992369254959,4,0.0092314562415403,2.580299691544132,0.0057266019342731116,0.04191324545082607,observed,0.012743428071962914,0.17160552889232072,0.5333333333333333
univariate_reversal_ridge,primary_available,2,300,0.016847206076293197,4,0.010242664179768568,1.6448070326829614,-0.0032280468217916886,0.03692245897437808,observed,0.0023736380058937434,0.18059510120583486,0.51
univariate_reversal_ridge,primary_available,3,300,0.017855960364150304,4,0.00999707040428144,1.78611929715961,-0.0017379375791525958,0.037449858307453204,observed,0.00024248563120282744,0.16502504088871692,0.5
univariate_reversal_ridge,primary_available,4,301,0.0113990920354586,4,0.008184296023247233,1.392800554021976,-0.004641833408920366,0.027440017479837563,observed,0.009428781002749012,0.1556221171729435,0.53156146179402
univariate_reversal_ridge,matched_complete8,0,301,0.010327226294301424,4,0.008484619542952185,1.2171702269054379,-0.0063023224324095534,0.026956775021012402,observed,-0.002700644125877246,0.16319250331970694,0.4950166112956811
univariate_reversal_ridge,matched_complete8,1,300,0.02381992369254959,4,0.0092314562415403,2.580299691544132,0.0057266019342731116,0.04191324545082607,observed,0.012743428071962914,0.17160552889232072,0.5333333333333333
univariate_reversal_ridge,matched_complete8,2,300,0.016847206076293197,4,0.010242664179768568,1.6448070326829614,-0.0032280468217916886,0.03692245897437808,observed,0.0023736380058937434,0.18059510120583486,0.51
univariate_reversal_ridge,matched_complete8,3,300,0.017855960364150304,4,0.00999707040428144,1.78611929715961,-0.0017379375791525958,0.037449858307453204,observed,0.00024248563120282744,0.16502504088871692,0.5
univariate_reversal_ridge,matched_complete8,4,301,0.0113990920354586,4,0.008184296023247233,1.392800554021976,-0.004641833408920366,0.027440017479837563,observed,0.009428781002749012,0.1556221171729435,0.53156146179402
ridge,primary_available,0,301,0.013660127871663466,4,0.008125488321929311,1.6811454684879805,-0.002265536596118783,0.029585792339445714,observed,0.010618274499820961,0.15490126540346333,0.5282392026578073
ridge,primary_available,1,300,0.024554855505748745,4,0.009207005321036452,2.6669752704112213,0.006509456671048661,0.042600254340448826,observed,0.010130656055346254,0.16762702035895333,0.52
ridge,primary_available,2,300,0.019266971670983863,4,0.008952354747729695,2.15216802884961,0.0017206787886074985,0.03681326455336023,observed,0.012480488116340747,0.16829354364284282,0.5233333333333333
ridge,primary_available,3,300,0.012792936676469606,4,0.008643975619216315,1.4799829661747064,-0.004148944220436686,0.0297348175733759,observed,0.013076134137661819,0.14900749023646243,0.5266666666666666
ridge,primary_available,4,301,0.008117452783444386,4,0.007569833974890772,1.072342248240856,-0.006719149176289206,0.02295405474317798,observed,0.01808821396434668,0.14520362247895588,0.5481727574750831
ridge,matched_complete8,0,301,0.013660127871663466,4,0.008125488321929311,1.6811454684879805,-0.002265536596118783,0.029585792339445714,observed,0.010618274499820961,0.15490126540346333,0.5282392026578073
ridge,matched_complete8,1,300,0.024554855505748745,4,0.009207005321036452,2.6669752704112213,0.006509456671048661,0.042600254340448826,observed,0.010130656055346254,0.16762702035895333,0.52
ridge,matched_complete8,2,300,0.019266971670983863,4,0.008952354747729695,2.15216802884961,0.0017206787886074985,0.03681326455336023,observed,0.012480488116340747,0.16829354364284282,0.5233333333333333
ridge,matched_complete8,3,300,0.012792936676469606,4,0.008643975619216315,1.4799829661747064,-0.004148944220436686,0.0297348175733759,observed,0.013076134137661819,0.14900749023646243,0.5266666666666666
ridge,matched_complete8,4,301,0.008117452783444386,4,0.007569833974890772,1.072342248240856,-0.006719149176289206,0.02295405474317798,observed,0.01808821396434668,0.14520362247895588,0.5481727574750831
