benchmark,phase,n_dates,mean,lag,se,t_stat,ci_lower,ci_upper,inference_status,median,std,positive_frequency
raw_reversal,0,301,0.0033329015773620437,4,0.004648631639350454,0.7169640091826559,-0.005778249013158235,0.012444052167882323,observed,0.0027081309814818155,0.08582381940042566,0.5083056478405316
raw_reversal,1,300,0.0007349318131991584,4,0.004480508864575547,0.1640286483996904,-0.008046704193781364,0.009516567820179681,observed,-0.0011590171664193107,0.09298126674617643,0.49333333333333335
raw_reversal,2,300,0.002419765594690662,4,0.005354037832639678,0.4519515308500641,-0.008073955729147998,0.012913486918529322,observed,0.005363795192382746,0.08816904017378754,0.5233333333333333
raw_reversal,3,300,-0.005063023687680698,4,0.005292164192108063,-0.9567019283398139,-0.015435474904485012,0.0053094275291236176,observed,-0.0036576491835449585,0.09621630030281027,0.4766666666666667
raw_reversal,4,301,-0.003281639252014211,4,0.004523775549408934,-0.7254204405527994,-0.012148076402998618,0.005584797898970196,observed,-0.0003458079974422608,0.08586845657870129,0.4950166112956811
univariate_reversal_ridge,0,301,0.0033329015773620437,4,0.004648631639350454,0.7169640091826559,-0.005778249013158235,0.012444052167882323,observed,0.0027081309814818155,0.08582381940042566,0.5083056478405316
univariate_reversal_ridge,1,300,0.0007349318131991584,4,0.004480508864575547,0.1640286483996904,-0.008046704193781364,0.009516567820179681,observed,-0.0011590171664193107,0.09298126674617643,0.49333333333333335
univariate_reversal_ridge,2,300,0.002419765594690662,4,0.005354037832639678,0.4519515308500641,-0.008073955729147998,0.012913486918529322,observed,0.005363795192382746,0.08816904017378754,0.5233333333333333
univariate_reversal_ridge,3,300,-0.005063023687680698,4,0.005292164192108063,-0.9567019283398139,-0.015435474904485012,0.0053094275291236176,observed,-0.0036576491835449585,0.09621630030281027,0.4766666666666667
univariate_reversal_ridge,4,301,-0.003281639252014211,4,0.004523775549408934,-0.7254204405527994,-0.012148076402998618,0.005584797898970196,observed,-0.0003458079974422608,0.08586845657870129,0.4950166112956811
