fold_number,quarter,fit_information_cutoff,latest_calendar_mature_signal_date,evaluation_first_signal_date,evaluation_last_signal_date
1,2020Q1,2019-12-31,2019-12-20,2020-01-02,2020-03-31
2,2020Q2,2020-03-31,2020-03-23,2020-04-01,2020-06-30
3,2020Q3,2020-06-30,2020-06-22,2020-07-01,2020-09-30
4,2020Q4,2020-09-30,2020-09-22,2020-10-01,2020-12-31
5,2021Q1,2020-12-31,2020-12-22,2021-01-04,2021-03-31
6,2021Q2,2021-03-31,2021-03-23,2021-04-01,2021-06-30
7,2021Q3,2021-06-30,2021-06-22,2021-07-01,2021-09-30
8,2021Q4,2021-09-30,2021-09-22,2021-10-01,2021-12-31
9,2022Q1,2021-12-31,2021-12-22,2022-01-03,2022-03-31
10,2022Q2,2022-03-31,2022-03-23,2022-04-01,2022-06-30
11,2022Q3,2022-06-30,2022-06-22,2022-07-01,2022-09-30
12,2022Q4,2022-09-30,2022-09-22,2022-10-03,2022-12-30
13,2023Q1,2022-12-30,2022-12-21,2023-01-03,2023-03-31
14,2023Q2,2023-03-31,2023-03-23,2023-04-03,2023-06-30
15,2023Q3,2023-06-30,2023-06-22,2023-07-03,2023-09-29
16,2023Q4,2023-09-29,2023-09-21,2023-10-02,2023-12-29
17,2024Q1,2023-12-29,2023-12-20,2024-01-02,2024-03-28
18,2024Q2,2024-03-28,2024-03-20,2024-04-01,2024-06-28
19,2024Q3,2024-06-28,2024-06-20,2024-07-01,2024-09-30
20,2024Q4,2024-09-30,2024-09-20,2024-10-01,2024-12-31
21,2025Q1,2024-12-31,2024-12-20,2025-01-02,2025-03-31
22,2025Q2,2025-03-31,2025-03-21,2025-04-01,2025-06-30
23,2025Q3,2025-06-30,2025-06-20,2025-07-01,2025-09-30
24,2025Q4,2025-09-30,2025-09-22,2025-10-01,2025-12-31
