candidate,label_status,side,orders,scope
ridge,measurable_cash_only_delisting,long,2,actual_pre_halt_submitted_orders
ridge,measurable_ordinary_event_adjusted,long,633,actual_pre_halt_submitted_orders
ridge,measurable_ordinary_event_adjusted,short,635,actual_pre_halt_submitted_orders
ridge,missing_entry_measurement,short,1,actual_pre_halt_submitted_orders
ridge,valid_entry_unresolved_exit_wealth,long,1,actual_pre_halt_submitted_orders
uni_reversal_5,measurable_cash_only_delisting,long,1,actual_pre_halt_submitted_orders
uni_reversal_5,measurable_ordinary_event_adjusted,long,634,actual_pre_halt_submitted_orders
uni_reversal_5,measurable_ordinary_event_adjusted,short,636,actual_pre_halt_submitted_orders
uni_reversal_5,valid_entry_unresolved_exit_wealth,long,1,actual_pre_halt_submitted_orders
