feature,version,n,mean,sd,min,p01,median,p99,max
reversal_5,raw,6696422,-0.004005847875394686,0.06957293911762727,-26.513715816816323,-0.19696901629759858,-0.0028419896651309395,0.1702097555423358,0.8991607775506771
reversal_5,clipped,6696422,-0.003536912894858066,0.05910748846485461,-1.0385894185745899,-0.17768286033891562,-0.002841521706403838,0.15735942150308452,0.5945244836582418
reversal_5,standardized,6696422,-2.5126331618286857e-18,1.0000000000000067,-6.226115068307086,-3.0398068649355356,0.027304398684431186,2.6806296623261128,4.7935008506838415
momentum_60_skip5,raw,6635431,0.052441781368510215,0.2728866456190024,-0.9459148914480043,-0.43669465731851836,0.03364039646357675,0.8223664047705169,53.42337043607156
momentum_60_skip5,clipped,6635431,0.04881576974154982,0.22094338901015653,-0.8102558797934637,-0.4176175356157063,0.03364014403146798,0.7346951464819409,7.324386417716507
momentum_60_skip5,standardized,6635431,-7.524945874251991e-17,0.9999999999999872,-3.546645444491304,-2.2569827857043414,-0.0760272865875859,3.2256391134299522,7.217478728661323
volatility_20,raw,6681241,0.02413684888834063,0.021484488451445186,0.00016584719504792104,0.005415845395876325,0.01946363835598657,0.08970967788062832,6.7466520403561185
volatility_20,clipped,6681241,0.023835725511764945,0.015804178345442187,0.0012854254726707415,0.005936486623102001,0.019465388977956695,0.08389622143778828,0.1780956932333241
volatility_20,standardized,6681241,2.586405629386163e-17,1.000000000000004,-2.2845016574863877,-1.3811607021684889,-0.2541175107451746,3.6587261312369552,6.120117648584161
turnover_20,raw,6698418,0.013056127354534713,0.014944133014727341,0.00017459339987651315,0.0018881571394507972,0.009506089697419569,0.06284037299528959,2.0498264795800525
turnover_20,clipped,6698418,0.012717348247425445,0.010865188150266825,0.0007413373059429206,0.0020150484308022352,0.009506089697419569,0.05649963780199781,0.19579469956192266
turnover_20,standardized,6698418,4.578418567456248e-16,0.9999999999999964,-1.3122298384215425,-1.0389511392009014,-0.3143463768903554,4.271009638332199,7.138837725821765
dollar_liquidity_20,raw,6698418,18.192287071698342,1.0363316760075432,16.81124295195576,16.83298844410844,17.99069571482476,21.153712726443604,24.714263795315805
dollar_liquidity_20,clipped,6698418,18.18610382388146,1.014518783993045,16.81208511065605,16.839295552916617,17.99069571482476,21.003277441008233,22.366097489224284
dollar_liquidity_20,standardized,6698418,2.498306691613136e-17,0.9999999999999923,-1.5182586669648086,-1.3907110758399623,-0.17825218900654255,2.777791836537935,3.692600069880262
volume_shock_20,raw,6697073,-0.0951240169402932,0.4793381908996735,-9.972692451423928,-1.220934362024627,-0.11724349666372191,1.291835616653091,9.769726332720335
volume_shock_20,clipped,6697073,-0.09736716615500474,0.4562759437301345,-3.5190781964063538,-1.147567113632803,-0.11725153300146474,1.177155097572115,2.8081673704239076
volume_shock_20,standardized,6697073,-7.632230115998222e-17,0.9999999999999933,-4.5434801107942535,-2.234728376169872,-0.058410406630602686,2.9221494201489864,4.844076705276195
gap_1,raw,6630530,0.0006115740650718788,0.016817007127027765,-0.7387515200648561,-0.0400911198800358,0.00018355359765065415,0.042979942693409816,3.716981132075471
gap_1,clipped,6630530,0.0005505632756219518,0.012101977297875497,-0.34315138716423765,-0.03509590014236584,0.00018338529249950497,0.037257824143070106,0.31055336700336705
gap_1,standardized,6630530,2.3147053240718562e-17,1.0000000000000036,-6.950862242165268,-3.037576353264812,-0.029495659280622255,3.412800970361433,7.2562811171673784
intraday_1,raw,6693015,0.00015990445563221386,0.02481526807054184,-0.5007108042242079,-0.06818181818181812,0.0,0.071559633027523,5.529245947850599
intraday_1,clipped,6693015,0.00010903639187171451,0.02289213113492927,-0.27320107858243453,-0.06349206349206349,0.0,0.06565045952942816,0.4378786696858733
intraday_1,standardized,6693015,-3.186553557189871e-17,1.0000000000000093,-5.860126078498645,-2.715915982140575,-0.010251946816123639,2.876189441519007,5.562979737371686
