candidate,year,decision_dates,eligible_keys,end_unresolved_positions,end_unresolved_queued_count,end_verified_executed_reserve,end_planned_notional_proxy,end_longs,end_shorts,end_reserved_long,end_reserved_short,end_raw_reserve_over_N,end_paired_reserve_over_N,mean_raw_reserve_over_N,mean_paired_reserve_over_N,end_undeployed_matched_side_allowance,new_deployment_date_fraction,intervals,wealth_measurable_fraction,expense_input_measurable_fraction,complete_measurable_fraction,identified_entry_basis_fraction,reference_exhaustion_is_insolvency
uni_reversal_5,2003,252,143093,29,0,492083.8392802116,0.0,19,10,326136.6150938241,165947.2241863875,0.04920838392802116,0.03316175238048951,0.016590400310241258,0.012532711851935089,171151.20832957863,1.0,276158,0.9911536149595521,0.9940396439719291,0.9852149856241716,0.9912134960057972,False
uni_reversal_5,2004,252,169706,70,0,1098746.6868257027,0.0,32,38,517874.7901508105,580871.8966748922,0.10987466868257027,0.06332213812424618,0.08101167724810764,0.04743284653948046,167696.0756592208,1.0,336625,0.9622012625324916,0.9936695135536576,0.9558707760861492,0.959072340285283,False
uni_reversal_5,2005,252,190584,126,0,1819699.549283609,0.0,43,83,657061.1309889434,1162638.4182946656,0.1819699549283609,0.11626384182946656,0.14845655068652408,0.09321126717622946,505577.2873057227,1.0,380147,0.931626449768116,0.9937103278468592,0.9253525609829881,0.9216897212045196,False
uni_reversal_5,2006,251,217712,170,1,2303125.6255598627,11033.74466889555,68,102,942541.810027458,1371617.5602012998,0.2314159370228758,0.13716175602012998,0.21635867517210589,0.12861601711709902,429075.75017384184,1.0,439358,0.9108426385771967,0.9947787453511715,0.905746566581239,0.8896784250031716,False
uni_reversal_5,2007,251,247643,243,1,2983277.386294334,11033.74466889555,100,143,1248924.9069898003,1745386.2239734293,0.299431113096323,0.17453862239734294,0.26100588525452273,0.152722687684292,496461.31698362925,1.0,505134,0.899953279723796,0.994243111728769,0.894693289305412,0.8669724884489765,False
uni_reversal_5,2008,253,229438,287,1,3427518.887610866,11033.74466889555,116,171,1413457.5014848097,2025095.130794952,0.3438552632279762,0.2025095130794952,0.31675690111797095,0.18658505138297127,611637.629310142,1.0,476960,0.8616445823549145,0.9933977692049648,0.8555727943643073,0.8373552809158703,False
uni_reversal_5,2009,252,188195,312,1,3728559.847311355,11033.74466889555,133,179,1621104.5397874669,2118489.052192784,0.3739593591980251,0.2118489052192784,0.3571951050901527,0.20500110610392194,497384.5124053168,1.0,400879,0.8127739292903844,0.9945918843341757,0.8079944322351632,0.8170524273285934,False
uni_reversal_5,2010,252,205958,340,1,4039341.9727353877,11033.74466889555,147,193,1781507.5632594205,2268868.1541448627,0.4050375717404283,0.22688681541448627,0.3908174652494581,0.22088509156376568,487360.5908854422,1.0,440155,0.8125478524610649,0.9950812781860935,0.8082107439424748,0.7998674415643136,False
uni_reversal_5,2011,252,221359,378,1,4424332.387899731,11033.74466889555,166,212,1976681.5379763844,2458684.594592242,0.4435366132568628,0.24681948509229049,0.4254530412753132,0.2361355170743831,501023.5692771827,1.0,475782,0.8093013186711561,0.9950418468962676,0.8048812271166207,0.7825996326194021,False
uni_reversal_5,2012,250,209078,399,1,4634383.953566798,11033.74466889555,167,232,1986283.968165878,2659133.730069815,0.4645417698235693,0.26591337300698153,0.4579125104907763,0.25960199261789135,672849.7619039367,1.0,457236,0.7854740221679832,0.9953372000454908,0.7813623599191665,0.7642568095294947,False
uni_reversal_5,2013,252,227130,438,2,4980320.089463621,20724.41602193955,181,257,2113985.026008018,2887059.479477543,0.5001044505485561,0.2887059479477543,0.48042146988660256,0.278212323306109,773074.4534695249,1.0,494920,0.7880707993211024,0.9948739190172149,0.7839246746949002,0.7511796988667873,False
uni_reversal_5,2014,252,256762,491,2,5396344.065772106,20724.41602193955,192,299,2200365.4099523956,3216703.0718416497,0.5417068481794044,0.32167030718416495,0.5191695329439481,0.30374821882326225,1016337.6618892536,1.0,559210,0.7916328391838486,0.99474079505016,0.7872892115663168,0.7292870468375706,False
uni_reversal_5,2015,252,263732,592,2,6129791.759946399,20724.41602193955,232,360,2491535.0548995626,3658981.121068776,0.6150516175968338,0.3658981121068776,0.5808985891353321,0.3450962744791867,1167446.066169214,1.0,589685,0.7672333534005443,0.9945598073547741,0.7626512460042226,0.6934581553871085,False
uni_reversal_5,2016,252,249508,667,2,6683621.990549363,20724.41602193955,270,397,2771472.7713384843,3932873.635232819,0.6704346406571302,0.39328736352328186,0.650126652747952,0.38575355297707353,1161400.8638943343,1.0,580893,0.722551313236689,0.9953915781391753,0.7188208499672056,0.6545099087568181,False
uni_reversal_5,2017,251,260049,697,2,6893106.861988189,20724.41602193955,285,412,2875370.005828027,4038461.2721821005,0.6913831278010129,0.40384612721821006,0.6844152122115309,0.39944105802530555,1163091.2663540738,1.0,610226,0.7174063379796993,0.9952804370839656,0.7135110598368474,0.6378402536604431,False
uni_reversal_5,2018,251,281029,763,2,7298279.198344849,20724.41602193955,308,455,3014003.990555802,4304999.623810987,0.7319003614366788,0.4304999623810987,0.7048355259039667,0.4120824481118303,1290995.6332551846,1.0,658373,0.72568437648567,0.9951425711564721,0.7215970278246526,0.6259504453667335,False
uni_reversal_5,2019,252,268932,828,2,7714314.098478384,20724.41602193955,344,484,3246984.6053316295,4488053.909168694,0.7735038514500324,0.44880539091686944,0.7562339546747945,0.4416228332676547,1241069.3038370654,1.0,649541,0.689166657685966,0.9953166928646536,0.685259283093754,0.5969577332518096,False
ridge,2003,252,143093,29,0,490275.06573840085,0.0,21,8,356984.2825248609,133290.78321353998,0.049027506573840085,0.037822813899389046,0.016709283484017713,0.014555288126023158,266181.21224938054,1.0,276154,0.9911245174793775,0.993655713840828,0.9848092006633979,0.991191680762366,False
ridge,2004,252,169706,76,0,1178982.117419161,0.0,46,30,723522.3465207857,455459.7708983751,0.11789821174191607,0.07235223465207857,0.08937014541069092,0.060700159103623155,268062.5756224105,1.0,338172,0.9578912506062004,0.9930952296464521,0.9509864802526525,0.9544847082116668,False
ridge,2005,252,190584,138,0,1979117.3359376236,0.0,71,67,1042769.6856367574,936347.6503008662,0.19791173359376235,0.11058728552358645,0.1583686373780142,0.08982139961895881,232628.37453410518,1.0,382007,0.9271322253257139,0.9933901734784965,0.9205381053226773,0.9174997295682267,False
ridge,2006,251,217712,189,0,2550058.768626368,0.0,107,82,1449142.9494004021,1100915.819225966,0.2550058768626368,0.1449142949400402,0.23616535770897523,0.13407009056144764,348227.1301744357,1.0,442258,0.9027061127215336,0.9943539743769474,0.897064609345676,0.8799847621375148,False
ridge,2007,251,247643,246,0,3084938.717334544,0.0,139,107,1753876.4037134321,1331062.3136211117,0.3084938717334544,0.17538764037134322,0.28027836891424684,0.16019215596848094,422814.0900923202,1.0,507340,0.8934146726061418,0.994567745496117,0.8879824181022589,0.8568968561969807,False
ridge,2008,253,229438,299,0,3618828.8645953555,0.0,165,134,2012189.9955900789,1606638.8690052764,0.36188288645953554,0.20340449450493608,0.32789855852402117,0.18490791741112741,449261.0255033667,1.0,478450,0.8592203992057686,0.9938739680217369,0.8530943672275055,0.8323343372716084,False
ridge,2009,252,188195,317,0,3836518.031691195,0.0,175,142,2134081.9168019285,1702436.1148892664,0.3836518031691195,0.21340819168019284,0.3717862656952306,0.20817389248014062,431645.8019126621,1.0,405084,0.808935924400865,0.995275054062861,0.804210978463726,0.8098451969160084,False
ridge,2010,252,205958,358,0,4287749.953786139,0.0,205,153,2469584.72747632,1818165.2263098191,0.4287749953786139,0.24695847274763202,0.4085864779010647,0.23185817943268772,651419.5011665011,1.0,442958,0.806618234685907,0.9953336433702518,0.8019609082576677,0.7898488520805472,False
ridge,2011,252,221359,398,0,4677364.286110718,0.0,228,170,2695381.389705623,1981982.8964050943,0.4677364286110717,0.2695381389705623,0.4505033291140973,0.2616063330895508,713398.4933005285,1.0,479889,0.8003517480083936,0.9953676787757169,0.7957277620449729,0.7662079301277237,False
ridge,2012,250,209078,424,0,4936540.963850679,0.0,239,185,2804091.1955326446,2132449.7683180342,0.4936540963850679,0.2804091195532645,0.4853053690082012,0.2760843942874059,671641.4272146097,1.0,462466,0.7753240238201294,0.9957186041784694,0.7710469526408428,0.7488973022504603,False
ridge,2013,252,227130,457,0,5239334.901957126,0.0,255,202,2950775.944564751,2288558.9573923755,0.5239334901957127,0.2950775944564751,0.5056484523317254,0.2845216347936626,662216.9871723759,1.0,498768,0.7792841561607802,0.995755541654637,0.7750396978154172,0.7389687133797157,False
ridge,2014,252,256762,503,0,5607099.700967096,0.0,272,231,3087126.025855788,2519973.675111308,0.5607099700967095,0.3087126025855788,0.5415250762959133,0.29981589860448205,567152.35074448,1.0,562158,0.7852062943158329,0.9953091479619609,0.7805261154337393,0.7211068408753797,False
ridge,2015,252,263732,605,0,6373842.500545504,0.0,327,278,3497097.9074636195,2876744.593081884,0.6373842500545505,0.34970979074636194,0.6015580939410337,0.32996000662836444,620353.3143817354,1.0,592516,0.7629177946249552,0.9951208068642872,0.7580453523617927,0.6900500281619873,False
ridge,2016,252,249508,676,0,6920848.35611448,0.0,361,315,3758791.148171566,3162057.2079429138,0.6920848356114478,0.3758791148171566,0.6695178322267444,0.365189434513344,596733.9402286527,1.0,579785,0.7188078339384427,0.9960416361237355,0.7148580939486189,0.6544545687391746,False
ridge,2017,251,260049,718,0,7224210.780054523,0.0,389,329,3962277.260479705,3261933.519574818,0.7224210780054524,0.3962277260479705,0.7100816823802841,0.38863168386704605,700343.7409048867,1.0,607760,0.710620968803475,0.9959046334079242,0.7065288929840726,0.632666507315006,False
ridge,2018,251,281029,777,0,7597220.821057317,0.0,416,361,4133673.004136019,3463547.816921298,0.7597220821057318,0.41336730041360187,0.7365372200492212,0.40377276246454347,670125.187214721,1.0,655639,0.7164232146043783,0.9957918915744792,0.7122257827859538,0.6181362512260569,False
ridge,2019,252,268932,840,0,8015526.442705243,0.0,461,379,4432835.358864197,3582691.0838410463,0.8015526442705242,0.44328353588641967,0.7827747041347762,0.42883807158029635,850144.2750231501,1.0,645308,0.6829963366330496,0.9959027317188072,0.6788990683518568,0.5934693187640331,False
