candidate,year,leg,executions,measured_cost_input_count,measured_cost_input_fraction
uni_reversal_5,2003,entry,55469,55462,0.9998738033856749
uni_reversal_5,2003,exit,54271,52632,0.9697997088684565
uni_reversal_5,2004,entry,64915,64906,0.9998613571593622
uni_reversal_5,2004,exit,64706,62584,0.9672055141717925
uni_reversal_5,2005,entry,71070,71057,0.999817081750387
uni_reversal_5,2005,exit,70938,68560,0.9664777693196877
uni_reversal_5,2006,entry,80224,80220,0.9999501396090945
uni_reversal_5,2006,exit,79922,77685,0.9720102099547059
uni_reversal_5,2006,queued_entry_unknown,1,0,0.0
uni_reversal_5,2007,entry,91010,90996,0.999846170750467
uni_reversal_5,2007,exit,90817,88173,0.9708865080326371
uni_reversal_5,2008,entry,81972,81967,0.999939003562192
uni_reversal_5,2008,exit,82335,79445,0.9648994959616202
uni_reversal_5,2009,entry,65241,65236,0.9999233610766236
uni_reversal_5,2009,exit,65095,63184,0.9706429065212382
uni_reversal_5,2010,entry,71650,71644,0.9999162595952548
uni_reversal_5,2010,exit,71445,69538,0.9733081391280005
uni_reversal_5,2011,entry,77061,77058,0.9999610698018453
uni_reversal_5,2011,exit,76946,74842,0.9726561484677566
uni_reversal_5,2012,entry,71864,71858,0.9999165089613715
uni_reversal_5,2012,exit,71808,69932,0.9738747771836007
uni_reversal_5,2013,entry,78138,78134,0.9999488085182625
uni_reversal_5,2013,exit,77907,75859,0.9737122466530607
uni_reversal_5,2013,queued_entry_unknown,1,0,0.0
uni_reversal_5,2014,entry,88704,88699,0.9999436327561327
uni_reversal_5,2014,exit,88442,86010,0.9725017525610005
uni_reversal_5,2015,entry,90520,90504,0.9998232434821034
uni_reversal_5,2015,exit,90440,87752,0.9702786377708978
uni_reversal_5,2016,entry,84047,84034,0.9998453246397849
uni_reversal_5,2016,exit,83868,81708,0.9742452425239663
uni_reversal_5,2017,entry,87675,87671,0.9999543769603649
uni_reversal_5,2017,exit,87491,85117,0.9728657804802779
uni_reversal_5,2018,entry,95573,95562,0.9998849047325081
uni_reversal_5,2018,exit,95536,92851,0.9718954111539105
uni_reversal_5,2019,entry,89564,89554,0.999888347996963
uni_reversal_5,2019,exit,89504,86976,0.9717554522702896
ridge,2003,entry,55468,55463,0.9999098579361073
ridge,2003,exit,54262,52515,0.9678043566400059
ridge,2004,entry,64923,64916,0.9998921799670378
ridge,2004,exit,64700,62372,0.9640185471406492
ridge,2005,entry,71063,71051,0.9998311357527827
ridge,2005,exit,70914,68401,0.9645627097611191
ridge,2006,entry,80047,80042,0.9999375366971904
ridge,2006,exit,79707,77215,0.9687354937458441
ridge,2007,entry,90770,90757,0.9998567808747384
ridge,2007,exit,90519,87775,0.9696859222925573
ridge,2008,entry,82002,81995,0.9999146362283847
ridge,2008,exit,82363,79440,0.9645107633281935
ridge,2009,entry,65636,65635,0.9999847644585289
ridge,2009,exit,65460,63547,0.9707760464405744
ridge,2010,entry,71589,71582,0.9999022196147452
ridge,2010,exit,71370,69310,0.9711363317920695
ridge,2011,entry,76882,76875,0.999908951380037
ridge,2011,exit,76751,74535,0.9711274120206903
ridge,2012,entry,71738,71731,0.9999024227048426
ridge,2012,exit,71675,69702,0.9724729682595047
ridge,2013,entry,77904,77898,0.9999229821318546
ridge,2013,exit,77626,75515,0.9728055033107464
ridge,2014,entry,88414,88407,0.9999208270183455
ridge,2014,exit,88182,85552,0.970175319226146
ridge,2015,entry,90476,90460,0.9998231575224369
ridge,2015,exit,90350,87475,0.9681793027116768
ridge,2016,entry,83448,83435,0.9998442143610392
ridge,2016,exit,83260,80978,0.9725918808551526
ridge,2017,entry,86514,86507,0.9999190882400536
ridge,2017,exit,86282,83799,0.9712222711573677
ridge,2018,entry,93983,93972,0.9998829575561538
ridge,2018,exit,93907,91160,0.9707476545944391
ridge,2019,entry,88189,88179,0.9998866071732302
ridge,2019,exit,88109,85475,0.9701052105914265
