candidate,phase,end_reserved_long,end_reserved_short,end_verified_executed_reserve_long,end_verified_executed_reserve_short,end_planned_proxy_long,end_planned_proxy_short,end_retained_commitment_long,end_retained_commitment_short,end_post_decision_reference_commitment_long,end_post_decision_reference_commitment_short,end_paired_reserve,end_structural_allowance,first_reference_exhaustion_date,reference_exhaustion_is_insolvency
ridge,0,935709.9006645989,698934.9277725327,935709.9006645989,698934.9277725327,0.0,0.0,1066108.4271388594,1067824.8643442122,2001818.3278034583,1766759.792116745,935709.9006645989,1064290.099335401,,False
ridge,1,870539.7598722656,728659.2855079714,870539.7598722656,728659.2855079714,0.0,0.0,1130095.6570030772,1129150.2687640176,2000635.4168753428,1857809.554271989,870539.7598722656,1129460.2401277344,,False
ridge,2,836544.1908608784,744529.3888757395,836544.1908608784,744529.3888757395,0.0,0.0,1159283.1108537659,1159326.6726119264,1995827.3017146443,1903856.0614876659,836544.1908608784,1163455.8091391216,,False
ridge,3,831155.7887714888,764310.9297319887,831155.7887714888,764310.9297319887,0.0,0.0,0.0,0.0,2000000.0,1933155.1409605,831155.7887714888,1168844.2112285113,,False
ridge,4,958885.7186949648,646256.5519528139,958885.7186949648,646256.5519528139,0.0,0.0,1043165.9540633025,1043178.3837334369,2002051.6727582673,1689434.9356862507,958885.7186949648,1041114.2813050352,,False
uni_reversal_5,0,624927.31606731,813098.1957450974,624927.31606731,813098.1957450974,0.0,0.0,1188689.7667651242,1191217.9222803845,1813617.0828324342,2004316.1180254817,813098.1957450974,1186901.8042549025,,False
uni_reversal_5,1,607267.9515936532,962595.3899944806,607267.9515936532,962595.3899944806,0.0,0.0,1037712.1851233267,1037695.5605642776,1644980.13671698,2000290.9505587583,962595.3899944806,1037404.6100055194,,False
uni_reversal_5,2,660688.5436041793,872790.9383051514,660688.5436041793,861757.1936362558,0.0,11033.74466889555,1123083.3016640919,1122999.9249934428,1783771.8452682712,1995790.8632985943,872790.9383051514,1127209.0616948486,,False
uni_reversal_5,3,650422.3594347739,926403.7045068734,650422.3594347739,926403.7045068734,0.0,0.0,0.0,0.0,1724018.6549279005,2000000.0,926403.7045068734,1073596.2954931266,,False
uni_reversal_5,4,703678.4346317127,913165.6806170916,693987.7632786687,913165.6806170916,9690.671353043997,0.0,1088880.6209887057,1088990.3798854088,1792559.0556204184,2002156.0605025003,913165.6806170916,1086834.3193829083,,False
