candidate,reason,side,reserve_basis,reference_commitment,positions,securities,security_events
uni_reversal_5,entry_boundary_share_basis_unverified,long,planned_notional_reserve_proxy,9690.671353043997,1,1,1
uni_reversal_5,entry_boundary_share_basis_unverified,short,planned_notional_reserve_proxy,11033.74466889555,1,1,1
uni_reversal_5,five_global_date_cap_failure,long,verified_executed_entry_notional,20412.835067209053,2,1,2
uni_reversal_5,five_global_date_cap_failure,short,verified_executed_entry_notional,130364.10644875182,10,3,10
uni_reversal_5,opening_event_terms_chronology_not_certified,long,verified_executed_entry_notional,29222.292307664393,4,2,2
uni_reversal_5,opening_event_terms_chronology_not_certified,short,verified_executed_entry_notional,68889.3790661237,7,3,3
uni_reversal_5,received_inventory_rights_or_event_terms_unverified,long,verified_executed_entry_notional,3109295.361742121,330,149,149
uni_reversal_5,received_inventory_rights_or_event_terms_unverified,short,verified_executed_entry_notional,4247682.987020351,462,192,193
uni_reversal_5,stored_delisting_without_verified_terminal_asset_terms,long,verified_executed_entry_notional,78363.44486159073,7,3,3
uni_reversal_5,stored_delisting_without_verified_terminal_asset_terms,short,verified_executed_entry_notional,30083.69196457287,4,2,2
ridge,five_global_date_cap_failure,long,verified_executed_entry_notional,49087.371124627316,5,2,5
ridge,five_global_date_cap_failure,short,verified_executed_entry_notional,90614.30790969437,7,3,7
ridge,opening_event_terms_chronology_not_certified,long,verified_executed_entry_notional,28368.485836214164,4,3,3
ridge,opening_event_terms_chronology_not_certified,short,verified_executed_entry_notional,70179.93687503412,7,4,4
ridge,received_inventory_rights_or_event_terms_unverified,long,verified_executed_entry_notional,4197778.514674564,435,227,227
ridge,received_inventory_rights_or_event_terms_unverified,short,verified_executed_entry_notional,3413838.171242547,364,184,184
ridge,stored_delisting_without_verified_terminal_asset_terms,long,verified_executed_entry_notional,157600.9872287921,17,5,5
ridge,stored_delisting_without_verified_terminal_asset_terms,short,verified_executed_entry_notional,8058.667813770131,1,1,1
