feature,year,n_dates,mean,lag,se,t_stat,ci_lower,ci_upper,inference_status,median,std,positive_frequency
reversal_5,1993,239,0.06578854452212445,4,0.013637814462441555,4.823980022847915,0.03905891934789952,0.09251816969634938,observed,0.07507785541915744,0.14792871878409694,0.6443514644351465
reversal_5,1994,250,0.07745694225006489,4,0.01428178427015369,5.423477962199422,0.04946515944559299,0.10544872505453678,observed,0.08484950382682085,0.14422211368440843,0.72
reversal_5,1995,252,0.08985417516818128,4,0.017666609343152104,5.0861018898915304,0.05522825712666434,0.12448009320969822,observed,0.07359362191301845,0.17975952590691202,0.7103174603174603
reversal_5,1996,254,0.07749348352913984,4,0.010112088799164374,7.663449665863657,0.05767415367430679,0.09731281338397291,observed,0.07799584443318615,0.12102101726657596,0.7401574803149606
reversal_5,1997,253,0.06338425611203091,4,0.011319022800436907,5.599799313911119,0.04119937908298687,0.08556913314107495,observed,0.06482909435193686,0.12131312287045745,0.7233201581027668
reversal_5,1998,252,0.04283897519952979,4,0.0122172829518183,3.5064240853285678,0.01889354062503072,0.06678440977402886,observed,0.038609583358514596,0.12364450179526625,0.6547619047619048
reversal_5,1999,252,0.04036586048347403,4,0.014139675053668182,2.854794069189173,0.012652606625184935,0.06807911434176311,observed,0.02951055559665075,0.13570716448299758,0.5833333333333334
reversal_5,2000,252,0.03176351743304614,4,0.019005869581861953,1.6712477845980438,-0.005487302442268624,0.0690143373083609,observed,0.020672194865943107,0.19533969961514908,0.5436507936507936
reversal_5,2001,248,0.03609142347186154,4,0.01995828791060656,1.8083426611298279,-0.003026102026008483,0.07520894896973157,observed,0.04637049492088148,0.21386336814714885,0.6008064516129032
reversal_5,2002,252,0.028980358477897945,4,0.019221335497454993,1.5077182582726938,-0.008692766831875125,0.06665348378767101,observed,0.0045061284777234475,0.19075154282779647,0.5158730158730159
reversal_5,2003,252,0.026043233170796792,4,0.014012221001813764,1.8586085080606218,-0.0014202153361739418,0.05350668167776752,observed,0.03151871684490646,0.14410920114862466,0.6031746031746031
reversal_5,2004,252,0.029398549543875482,4,0.011674637525041592,2.5181552301574133,0.00651668046223413,0.052280418625516835,observed,0.03613477397218663,0.12072030724932088,0.6071428571428571
reversal_5,2005,252,0.02218050882953611,4,0.010367377669858,2.1394521870292698,0.0018608219824896473,0.04250019567658257,observed,0.027292213871386882,0.10614618776477751,0.6031746031746031
reversal_5,2006,251,0.016258343324942717,4,0.011189391404807824,1.4530140859990723,-0.005672460837402658,0.03818914748728809,observed,0.017920497641669652,0.12300939023747606,0.5657370517928287
reversal_5,2007,251,0.013599198577308765,4,0.012100211083094798,1.123881102893172,-0.01011677935088944,0.03731517650550697,observed,-0.00029750932258328425,0.11517545665073832,0.4940239043824701
reversal_5,2008,253,0.016277326840619128,4,0.019341974119411725,0.8415545765973858,-0.021632245823333677,0.054186899504571936,observed,-0.0009320435334364115,0.19410887184657483,0.4980237154150198
reversal_5,2009,252,0.01499043046018348,4,0.01552106270486969,0.9658121190039568,-0.015430293443148946,0.04541115436351591,observed,-0.002802579521992605,0.1639853569848072,0.4880952380952381
reversal_5,2010,252,0.030653925348268305,4,0.012450811674386084,2.462002169009577,0.006250782888180734,0.055057067808355876,observed,0.028710947764909282,0.12900772773655197,0.6111111111111112
reversal_5,2011,252,0.028006222201850367,4,0.01685543806097292,1.6615540990712054,-0.005029829341302201,0.061042273745002935,observed,0.023011548639451845,0.16588788132045237,0.5555555555555556
reversal_5,2012,250,-0.006548346009749787,4,0.010870529393125496,-0.6023943980033714,-0.02785419211315981,0.014757500093660236,observed,-0.008574833852900664,0.11150046716764123,0.472
reversal_5,2013,252,0.02444607116340155,4,0.008010287710745682,3.0518343467997417,0.008746195744536212,0.04014594658226689,observed,0.02026435949572086,0.0859685889382078,0.6031746031746031
reversal_5,2014,252,0.008983940912477485,4,0.015579841504039987,0.5766387873809802,-0.021551987320283236,0.03951986914523821,observed,0.012017635658493585,0.14036067193200122,0.5317460317460317
reversal_5,2015,252,-0.00012178578658961765,4,0.013173827760116056,-0.009244525494581445,-0.025942013734951058,0.02569844216177182,observed,-0.0014198705784163957,0.1274225385086984,0.49206349206349204
reversal_5,2016,252,-0.008593241563407367,4,0.013023351449520876,-0.6598333460258042,-0.03411854136247579,0.016932058235661056,observed,-0.014313625479552092,0.13221375146305844,0.44047619047619047
reversal_5,2017,251,0.018522652137267188,4,0.01203330379247647,1.5392823497772925,-0.005062189911015938,0.042107494185550313,observed,0.0033801021046178156,0.11912646037000896,0.5139442231075697
reversal_5,2018,251,0.02315649195104366,4,0.010784516412024625,2.147197988889368,0.0020192281927942646,0.04429375570929305,observed,0.016895393590735754,0.11955655862596139,0.5617529880478087
reversal_5,2019,252,-0.0020216920964142744,4,0.015582872708928332,-0.12973808707658438,-0.03256356138158591,0.028520177188757365,observed,-0.0043183812129750174,0.1489118580500218,0.49603174603174605
momentum_60_skip5,1993,193,-0.00038838523396576906,4,0.02046797210973221,-0.018975266913770016,-0.04050487340561121,0.03972810293767967,observed,0.01152485615300613,0.1583551578173898,0.538860103626943
momentum_60_skip5,1994,250,0.0047568461754852335,4,0.019597608560228515,0.24272584896602134,-0.03365376078567652,0.04316745313664699,observed,0.0021168156897092305,0.17535662280397216,0.512
momentum_60_skip5,1995,252,0.013660220194245004,4,0.019625590132287325,0.6960412452398919,-0.024805229640382828,0.052125670028872834,observed,0.02642756608587758,0.1782465982034029,0.5674603174603174
momentum_60_skip5,1996,254,-0.012136354591540239,4,0.012886280666923232,-0.941804303757878,-0.03739300059338456,0.013120291410304085,observed,-0.003597831015946855,0.12307049939180502,0.4921259842519685
momentum_60_skip5,1997,253,-0.0013969156703224047,4,0.013818790198741684,-0.10108813074313883,-0.0284812467697712,0.025687415429126392,observed,-0.005649908075669398,0.12416721127591347,0.49407114624505927
momentum_60_skip5,1998,252,0.006348605315439932,4,0.020215430226888733,0.31404749956771105,-0.03327290986124436,0.04597012049212422,observed,0.038223823911848316,0.1700284817747291,0.5595238095238095
momentum_60_skip5,1999,252,0.04642140732465198,4,0.02011010939895929,2.3083617499890035,0.007006317177531335,0.08583649747177262,observed,0.06240764083101523,0.17843489489031333,0.6349206349206349
momentum_60_skip5,2000,252,0.03290340202932789,4,0.030236426497185373,1.0882040585183166,-0.02635890492634802,0.09216570898500381,observed,0.056533052715765114,0.258528540203691,0.5833333333333334
momentum_60_skip5,2001,248,-0.005429846129866386,4,0.02927506273194924,-0.1854768401210134,-0.06280791472963766,0.05194822246990489,observed,0.025433458435983457,0.24375097619685682,0.5282258064516129
momentum_60_skip5,2002,252,0.0051594473868431644,4,0.025836482045382067,0.19969620390967074,-0.04547912690932143,0.055798021683007765,observed,0.011572010386437955,0.22038618746963745,0.5158730158730159
momentum_60_skip5,2003,252,-0.02275826781795261,4,0.01883682943121789,-1.2081793223776716,-0.05967777508606378,0.014161239450158566,observed,-0.028836272547346817,0.16532789299957923,0.44841269841269843
momentum_60_skip5,2004,252,0.011082194734983696,4,0.013733141056781795,0.8069672254266266,-0.01583426713091696,0.03799865660088435,observed,0.01631678946883024,0.1231133785213752,0.5436507936507936
momentum_60_skip5,2005,252,0.01748658569002174,4,0.015269419638462947,1.1452030335176497,-0.01244092686619425,0.047414098246237726,observed,0.015405792533313287,0.13404223501781246,0.5238095238095238
momentum_60_skip5,2006,251,-0.015586386904409808,4,0.01712737613169639,-0.9100277114581033,-0.049155427272205676,0.017982653463386063,observed,-0.006840361244684009,0.15194489982956508,0.4701195219123506
momentum_60_skip5,2007,251,0.06578297968146704,4,0.014488219061872473,4.54044623431896,0.037386592120070304,0.09417936724286377,observed,0.07149347563675781,0.12776229039745826,0.6533864541832669
momentum_60_skip5,2008,253,0.015381835600793035,4,0.026801573982178105,0.5739153831420981,-0.03714828413326181,0.06791195533484788,observed,0.03480526675587669,0.23195674549917752,0.541501976284585
momentum_60_skip5,2009,252,-0.046852851175304466,4,0.019547295966820196,-2.3968968012165486,-0.0851648472654171,-0.008540855085191826,observed,-0.048115635795119516,0.16999384784777563,0.373015873015873
momentum_60_skip5,2010,252,0.0021600184294897104,4,0.013453575275638351,0.16055348747340478,-0.02420850457405999,0.02852854143303941,observed,0.0006796025716646368,0.12334725109952865,0.503968253968254
momentum_60_skip5,2011,252,0.008340874516156987,4,0.01963088860815439,0.4248852246399232,-0.03013496014034325,0.04681670917265722,observed,0.027729844381796355,0.1784736869749476,0.6031746031746031
momentum_60_skip5,2012,250,-0.016575148847014002,4,0.015394913928608436,-1.076663950437055,-0.046748625692180565,0.013598327998152564,observed,-0.027967246460044164,0.1395906041201331,0.412
momentum_60_skip5,2013,252,4.24889253111854e-05,4,0.012653143925993884,0.003357973762070201,-0.02475721746083857,0.02484219531146094,observed,0.006482018355400269,0.11464136464204652,0.5357142857142857
momentum_60_skip5,2014,252,0.007138103092898254,4,0.01627897147688074,0.43848612321950003,-0.02476809470714281,0.03904430089293932,observed,0.008678491157202251,0.14316359860521016,0.5119047619047619
momentum_60_skip5,2015,252,0.028564025645080607,4,0.01748534362327821,1.6335981871727911,-0.005706618113851779,0.062834669404013,observed,0.04218040455683375,0.15391938063768382,0.6031746031746031
momentum_60_skip5,2016,252,-0.035102645420384486,4,0.016007511708427288,-2.1928858188436875,-0.06647679185100519,-0.0037284989897637746,observed,-0.03147687468772853,0.14602712655712183,0.43253968253968256
momentum_60_skip5,2017,251,0.013526349581096884,4,0.015395270665746589,0.8786042074071536,-0.016647826456012413,0.04370052561820618,observed,0.02181473933439703,0.14100294424728493,0.5697211155378487
momentum_60_skip5,2018,251,0.013948853604923718,4,0.015806145011367866,0.8824956113518905,-0.017030621351774744,0.044928328561622176,observed,0.031178151556023558,0.13902105424447989,0.5896414342629482
momentum_60_skip5,2019,252,-0.008885826276250532,4,0.018352617743789653,-0.4841721437399528,-0.044856296076109,0.02708464352360793,observed,-0.001889292156425948,0.15320083947404578,0.49206349206349204
volatility_20,1993,233,-0.006830289462734381,4,0.027535736195057933,-0.2480518194374723,-0.060799340692843915,0.04713876176737515,observed,-0.0319918636949638,0.24524732004588046,0.463519313304721
volatility_20,1994,250,-0.024294753779101445,4,0.02520701976949522,-0.9638090500687522,-0.07369960468490122,0.025110097126698323,observed,-0.008261550780937727,0.22733776372286216,0.492
volatility_20,1995,252,-0.029798634802285978,4,0.03237953978828503,-0.9202921041227142,-0.09326136662330634,0.03366409701873438,observed,-0.03751404210221104,0.2879019965055893,0.45634920634920634
volatility_20,1996,254,-0.02466507663280399,4,0.02741843764134162,-0.8995799452706196,-0.07840422692219091,0.029074073656582933,observed,-0.01521121046650078,0.24395677282357736,0.48031496062992124
volatility_20,1997,253,-0.042919136453967194,4,0.024303581369443366,-1.7659593374962,-0.09055328063341483,0.004715007725480447,observed,-0.05193336961118503,0.2221767415793949,0.41106719367588934
volatility_20,1998,252,-0.015441139280021509,4,0.023916977866798264,-0.6456141476577197,-0.06231755451798772,0.031435275957944694,observed,-0.0050510164536688605,0.20462193880749752,0.49206349206349204
volatility_20,1999,252,0.03066016752829449,4,0.020775856374279845,1.4757595054541892,-0.010059762713270918,0.0713800977698599,observed,0.03875254662373523,0.19786589972606203,0.5753968253968254
volatility_20,2000,252,-0.06838416820821701,4,0.04112688172262861,-1.6627608353441259,-0.1489913751810077,0.012223038764573674,observed,-0.08168754192005868,0.35898490507739866,0.4603174603174603
volatility_20,2001,248,-0.03705179747762598,4,0.04194579832309474,-0.8833256001525618,-0.11926405149367225,0.045160456538420296,observed,-0.06327223042635055,0.36399124194330007,0.4435483870967742
volatility_20,2002,252,-0.06829826301758578,4,0.03445900743795085,-1.9820148081910982,-0.13583667653896728,-0.000759849496204279,observed,-0.12338464518802336,0.2951039177772086,0.4007936507936508
volatility_20,2003,252,0.035895069981660546,4,0.027593388919404344,1.3008576107307448,-0.01818697851177857,0.08997711847509966,observed,0.058669197586011544,0.2456570614569589,0.5753968253968254
volatility_20,2004,252,-0.023916987193609223,4,0.025380322712555376,-0.9423436992697395,-0.07366150562622169,0.025827531239003245,observed,-0.024679311272735642,0.2229419375130958,0.4603174603174603
volatility_20,2005,252,0.017489315673392954,4,0.01732378344803201,1.0095552005632897,-0.0164646759607209,0.051443307307506805,observed,0.019411902517760656,0.15704936424864932,0.5396825396825397
volatility_20,2006,251,-0.015605549529349144,4,0.024802840965108514,-0.629183953213356,-0.06421822453523651,0.03300712547653822,observed,0.003460816384690812,0.2184738283580889,0.5099601593625498
volatility_20,2007,251,-0.020006960118954895,4,0.017417248050895038,-1.1486866386981711,-0.05414413900850962,0.01413021877059983,observed,-0.017425204198340177,0.1591568492716151,0.4581673306772908
volatility_20,2008,253,-0.026688251783442026,4,0.02650534402415429,-1.0069007879739669,-0.07863777146862838,0.025261267901744325,observed,-0.047086779079404166,0.2435206522089101,0.43873517786561267
volatility_20,2009,252,0.020657450616764942,4,0.03411296128384761,0.6055601694874313,-0.04620272490558562,0.0875176261391155,observed,0.041058961602217725,0.29612719876027405,0.5555555555555556
volatility_20,2010,252,0.013975187877833297,4,0.027749857515993213,0.5036129598063308,-0.040413533429631526,0.06836390918529812,observed,0.04891146352379832,0.24992874581005087,0.5674603174603174
volatility_20,2011,252,-0.02456133864826288,4,0.032731100744852276,-0.75039757567963,-0.08871311728252547,0.03959043998599972,observed,-0.012018660181476383,0.2908720634814796,0.49206349206349204
volatility_20,2012,250,-0.00652432331576842,4,0.02450016197747577,-0.2662971502705394,-0.054543758407018555,0.04149511177548172,observed,0.00482630188909829,0.21488393746710782,0.512
volatility_20,2013,252,0.005144601950655056,4,0.016178960728589237,0.31798099006224934,-0.02656557838466776,0.03685478228597787,observed,0.02187262079127053,0.14648227460752902,0.5555555555555556
volatility_20,2014,252,-0.03653451536767859,4,0.01954372936906189,-1.869372762882884,-0.07483952105463762,0.001770490319280428,observed,-0.022242611246379947,0.1793420354786647,0.45634920634920634
volatility_20,2015,252,-0.03658161787685852,4,0.019130809656401532,-1.9121834639454278,-0.0740773157984966,0.0009140800447795666,observed,-0.03276568450386462,0.16484481956056884,0.4087301587301587
volatility_20,2016,252,0.004697210701371459,4,0.025622390099518347,0.18332445502263106,-0.04552175109152015,0.054916172494263074,observed,0.013240739093196851,0.21943255255984181,0.5277777777777778
volatility_20,2017,251,-0.01067833864358269,4,0.018042633492641773,-0.5918392482969616,-0.04604125047541669,0.02468457318825131,observed,-0.03727338222726585,0.1584795358820886,0.4701195219123506
volatility_20,2018,251,-0.0026334591393345754,4,0.02105940665073934,-0.12504906633929885,-0.04390913771056697,0.038642219431897815,observed,0.011508946787952017,0.1865823443587289,0.5099601593625498
volatility_20,2019,252,0.0022367932118315566,4,0.018266551853786166,0.1224529527923974,-0.03356499054332268,0.0380385769669858,observed,0.0025691740730485555,0.16297263062060335,0.5119047619047619
turnover_20,1993,234,0.01098282040221099,4,0.028397914560052872,0.3867474274910468,-0.04467606937153825,0.06664171017596023,observed,-0.0015946554579015027,0.24815093178435146,0.49572649572649574
turnover_20,1994,250,-0.00527161472129875,4,0.02605381636255894,-0.20233560596037703,-0.056336156451734634,0.04579292700913713,observed,0.026501928516494813,0.23490095943887349,0.536
turnover_20,1995,252,-0.016226675453829914,4,0.03543474709708426,-0.4579311772529942,-0.0856775035654003,0.05322415265774047,observed,-0.034248927616496026,0.3121426142852874,0.47619047619047616
turnover_20,1996,254,-0.0057648706596708545,4,0.029119034418567558,-0.19797602409491036,-0.0628371293846455,0.051307388065303786,observed,0.011771813503544806,0.25413980270178604,0.5196850393700787
turnover_20,1997,253,-0.04433817568810707,4,0.02643256911396098,-1.6774069708074206,-0.09614505917033639,0.007468707794122252,observed,-0.042440314307817355,0.23143921439285714,0.4150197628458498
turnover_20,1998,252,-0.011290219348742081,4,0.02371183551110566,-0.4761427829344633,-0.05776456295784708,0.035184124260362916,observed,0.006886833378532849,0.19905668496966555,0.5198412698412699
turnover_20,1999,252,0.05050176569240911,4,0.021358262704874224,2.3645071881658226,0.008640340018510599,0.09236319136630763,observed,0.06217544446109799,0.1978803197223651,0.5992063492063492
turnover_20,2000,252,-0.05175436423049898,4,0.039304368609385465,-1.3167585706526421,-0.12878951113998113,0.025280782678983177,observed,-0.0668176741430904,0.3428162417214373,0.44841269841269843
turnover_20,2001,248,-0.029405530063760312,4,0.03480991105469576,-0.8447459120925731,-0.0976317020360067,0.03882064190848607,observed,-0.05859718526270752,0.3026130537166291,0.45564516129032256
turnover_20,2002,252,-0.05827681983370881,4,0.02451284888839266,-2.377398893904335,-0.10632112081343112,-0.010232518853986503,observed,-0.07886589562673008,0.21413108245016368,0.40476190476190477
turnover_20,2003,252,0.04489076022460972,4,0.023549537021026266,1.9062268691112223,-0.0012654841891944352,0.09104700463841388,observed,0.05259313335869961,0.2085004042208263,0.5992063492063492
turnover_20,2004,252,-0.010276064168190659,4,0.023839574743333355,-0.4310506491339289,-0.05700077207187474,0.036448643735493426,observed,-0.011880589735508816,0.2099099358697682,0.49603174603174605
turnover_20,2005,252,0.020464834376060205,4,0.017111376286963093,1.1959782797630405,-0.013072846872300176,0.054002515624420586,observed,0.01628285103002193,0.15494357293288533,0.5476190476190477
turnover_20,2006,251,-0.019659022714719743,4,0.022944797274943272,-0.8567965312200976,-0.06462999900618133,0.025311953576741843,observed,0.005800099639943974,0.19837915525753763,0.5099601593625498
turnover_20,2007,251,-0.017888883946570695,4,0.013566168304809882,-1.3186393935735115,-0.044478085232206865,0.008700317339065473,observed,-0.003636393466121776,0.126292504122146,0.4820717131474104
turnover_20,2008,253,-0.021374781635511344,4,0.019922161316428752,-1.0729147955390108,-0.06042150030990877,0.017671937038886084,observed,-0.020905140391623715,0.18236217394816803,0.4624505928853755
turnover_20,2009,252,0.01920288640055736,4,0.022018169274926187,0.8721381946329748,-0.02395193238380436,0.06235770518491908,observed,0.033837577408421755,0.1936082183550656,0.5595238095238095
turnover_20,2010,252,0.010662867854985339,4,0.019038365420794116,0.5600726543119675,-0.026651642694283884,0.04797737840425456,observed,0.03959313738591536,0.1737168681335567,0.5595238095238095
turnover_20,2011,252,-0.029446496822496154,4,0.0226885966571257,-1.2978544802702918,-0.0739153291302184,0.015022335485226083,observed,-0.027010815177410566,0.19915416993231863,0.4642857142857143
turnover_20,2012,250,-0.007352616409032095,4,0.0185366018146775,-0.39665395429761063,-0.0436836883615598,0.028978455543495613,observed,0.0017849912691696541,0.16217611892363748,0.508
turnover_20,2013,252,0.0021132908620920183,4,0.013187077568057627,0.1602546774435401,-0.023732906232636974,0.027959487956821013,observed,0.01050898069657967,0.12139679890311875,0.5396825396825397
turnover_20,2014,252,-0.0284672680062658,4,0.016480618233448204,-1.727317968478277,-0.060768686186778414,0.0038341501742468094,observed,-0.013433709544824372,0.14917994478112692,0.4523809523809524
turnover_20,2015,252,-0.034034793373432,4,0.015521285410279362,-2.192781878161431,-0.06445595377134655,-0.003613632975517457,observed,-0.04537720604459555,0.13362091289869146,0.38095238095238093
turnover_20,2016,252,0.0033341200806105715,4,0.01813731223346707,0.18382658012902453,-0.032214358673342616,0.038882598834563756,observed,0.017247218405279537,0.15742560653449084,0.5317460317460317
turnover_20,2017,251,-0.015264490911951947,4,0.015307969202323383,-0.9971597610501569,-0.04526755922495412,0.014738577401050224,observed,-0.01841515375728244,0.13269280789003607,0.46215139442231074
turnover_20,2018,251,-0.004331391956033877,4,0.01568347255573005,-0.2761755689400162,-0.03507043331778713,0.026407649405719373,observed,-0.0028537954325995435,0.1417650867273159,0.49800796812749004
turnover_20,2019,252,-0.013796284055937429,4,0.012995110612028338,-1.0616519141566614,-0.03926623283062723,0.011673664718752372,observed,-0.00951247954987801,0.11799931621639301,0.4722222222222222
dollar_liquidity_20,1993,234,-0.011316621264962337,4,0.011615838886734299,-0.9742405499344797,-0.0340832471331814,0.011450004603256724,observed,-0.0023289376533616062,0.10982621844412324,0.4829059829059829
dollar_liquidity_20,1994,250,0.02617703061389603,4,0.012475973925616047,2.0981953609367974,0.0017245710476277848,0.05062949018016428,observed,0.027125300899695455,0.11556350105214534,0.588
dollar_liquidity_20,1995,252,0.005709599959957335,4,0.01228454789673858,0.4647790059472335,-0.018367671484007555,0.029786871403922225,observed,0.0071516660051107045,0.11871727329299607,0.5158730158730159
dollar_liquidity_20,1996,254,0.02133090642275945,4,0.010605643790329192,2.0112787912234182,0.0005442265608533621,0.04211758628466554,observed,0.027008075188093495,0.10121086912266979,0.6299212598425197
dollar_liquidity_20,1997,253,-0.006952121115433182,4,0.011360262495531523,-0.6119683518024119,-0.029217826461596083,0.015313584230729718,observed,0.00505088883646484,0.10991911226373512,0.5375494071146245
dollar_liquidity_20,1998,252,0.04558006273509817,4,0.008881813778133067,5.131841746931895,0.02817202761256573,0.0629880978576306,observed,0.05454837196329006,0.08543102940629017,0.6825396825396826
dollar_liquidity_20,1999,252,0.021995598946914788,4,0.01344374296347947,1.6361216520329807,-0.004353653078918749,0.04834485097274832,observed,0.03273560207674756,0.1245324173796028,0.6071428571428571
dollar_liquidity_20,2000,252,-0.01400484526623677,4,0.013706228798293274,-1.0217869169074925,-0.040868560074757296,0.012858869542283751,observed,-0.002084876794596797,0.12597606345616133,0.4880952380952381
dollar_liquidity_20,2001,248,-0.035672623801251656,4,0.013761648110021733,-2.5921767157578715,-0.06264495846480796,-0.008700289137695355,observed,-0.0351749815482434,0.1204408263741352,0.39919354838709675
dollar_liquidity_20,2002,252,-0.029252068189627972,4,0.011372052153494851,-2.5722769993310526,-0.05154088084078905,-0.006963255538466901,observed,-0.028721732730735437,0.10154421461265553,0.39285714285714285
dollar_liquidity_20,2003,252,-0.002373790674948239,4,0.006996323130902183,-0.33929117202483133,-0.01608633203572103,0.01133875068582455,observed,-0.009465575608096397,0.06674601452417606,0.4603174603174603
dollar_liquidity_20,2004,252,-0.010086894396599029,4,0.007823719812433618,-1.2892709144017052,-0.02542110345410139,0.00524731466090333,observed,-0.01381850289262284,0.07228699440710054,0.4246031746031746
dollar_liquidity_20,2005,252,0.0008588125599002213,4,0.006577126541475166,0.13057564796489388,-0.01203211858315359,0.013749743702954034,observed,-0.0011252514545453001,0.059512011924852164,0.49603174603174605
dollar_liquidity_20,2006,251,0.00012438827122982418,4,0.006474121197469507,0.019213151474279308,-0.012564656107357736,0.012813432649817385,observed,-0.002083714387788977,0.059985722474199935,0.4860557768924303
dollar_liquidity_20,2007,251,0.006899577997186306,4,0.008131315573561658,0.8485192752350861,-0.009037507673924198,0.02283666366829681,observed,0.006445758471070014,0.07150787610417174,0.549800796812749
dollar_liquidity_20,2008,253,-0.012299120847100595,4,0.008450640018744146,-1.4554070247721158,-0.028862070930152008,0.004263829235950818,observed,-0.010458888255109532,0.0767062590352732,0.4624505928853755
dollar_liquidity_20,2009,252,-0.009665964239999993,4,0.007745288944348525,-1.247979811915593,-0.024846451620779357,0.005514523140779371,observed,-0.009316260886644123,0.07002023907420873,0.4365079365079365
dollar_liquidity_20,2010,252,-0.0101693460316401,4,0.00919757176034296,-1.1056555248078763,-0.028196255427134966,0.007857563363854767,observed,-0.01804117915315402,0.08557855068823143,0.43253968253968256
dollar_liquidity_20,2011,252,-0.0011198071698291887,4,0.008788584999353824,-0.12741609370695303,-0.018345117243631658,0.01610550290397328,observed,-0.0018471689090351897,0.08344076934924072,0.4880952380952381
dollar_liquidity_20,2012,250,-0.004291956405102582,4,0.00870471448668454,-0.4930611350513469,-0.021352883294708348,0.012768970484503182,observed,0.00014822713321211887,0.0757498713220996,0.504
dollar_liquidity_20,2013,252,-1.8535302604793153e-05,4,0.00857298240770222,-0.0021620600303740843,-0.01682127206179662,0.016784201456587038,observed,-0.0022205432463673763,0.07657033064261078,0.48412698412698413
dollar_liquidity_20,2014,252,0.014491221450181524,4,0.010365433107977665,1.3980333768232494,-0.005824654125613777,0.03480709702597683,observed,0.015399838167294438,0.0899668979913866,0.5753968253968254
dollar_liquidity_20,2015,252,-0.0036384138518691855,4,0.010354350240685784,-0.35138987645720277,-0.023932567406926963,0.01665573970318859,observed,-0.010086899431807048,0.08987154942653457,0.4523809523809524
dollar_liquidity_20,2016,252,-0.010637437724992295,4,0.009828234943597771,-1.0823344970931579,-0.029900424246041977,0.008625548796057387,observed,-0.006895649556093133,0.08725070516880583,0.4603174603174603
dollar_liquidity_20,2017,251,0.005070435665291731,4,0.010263123824516884,0.49404408949829776,-0.015044917399636341,0.025185788730219802,observed,0.02081559953642813,0.09019701717233931,0.5537848605577689
dollar_liquidity_20,2018,251,0.010788442415831632,4,0.009277783033625754,1.1628254699135288,-0.007395678186451614,0.028972563018114877,observed,0.012075974176239297,0.08497095285977116,0.549800796812749
dollar_liquidity_20,2019,252,0.018183641768885206,4,0.010237477424951893,1.7761838208859984,-0.0018814452765623588,0.03824872881433277,observed,0.01812981770124892,0.0886577380770318,0.5873015873015873
volume_shock_20,1993,233,-0.012108446985704019,4,0.010901156250170256,-1.110748869920556,-0.03347432062588143,0.009257426654473393,observed,-0.011848604425622796,0.12309715354647537,0.4678111587982833
volume_shock_20,1994,250,0.005042732193402253,4,0.00794895434319543,0.6343893769774889,-0.01053693203401403,0.020622396420818537,observed,0.007502069014020582,0.09630108704474674,0.528
volume_shock_20,1995,252,-0.017105348411718794,4,0.008045118862519055,-2.1261772142870288,-0.03287349163359998,-0.0013372051898376015,observed,-0.022154766672785417,0.10076177182687286,0.4166666666666667
volume_shock_20,1996,254,0.00522031873296956,4,0.008943515878704665,0.583698715781298,-0.012308650284453678,0.022749287750392796,observed,-0.002386907573271098,0.09366643593976462,0.4921259842519685
volume_shock_20,1997,253,0.0016728250676766785,4,0.007568019066077644,0.22103869626529243,-0.01316021973614796,0.016505869871501315,observed,0.0011109338557253239,0.08266238528618661,0.5059288537549407
volume_shock_20,1998,252,-0.006340256188599656,4,0.005956003678390112,-1.0645151566315698,-0.01801380889003236,0.005333296512833046,observed,-0.0033615692948247974,0.07318442413659158,0.4642857142857143
volume_shock_20,1999,252,-0.0018012466659176416,4,0.006953978366002351,-0.25902390992814206,-0.015430793812552945,0.011828300480717662,observed,-0.002605883611392917,0.07712053556368144,0.4801587301587302
volume_shock_20,2000,252,0.008111001469340465,4,0.00875172799608731,0.9267885694078588,-0.009042070205481562,0.025264073144162492,observed,0.020223997632856053,0.09370164964166657,0.5873015873015873
volume_shock_20,2001,248,-0.003395714591027468,4,0.009265520448058227,-0.36648935265574933,-0.021555800967241016,0.014764371785186081,observed,0.0035834434384918903,0.1010743484195796,0.5040322580645161
volume_shock_20,2002,252,0.022196889107644915,4,0.009426908324914468,2.354630844237717,0.0037204883052517485,0.04067328991003808,observed,0.03599273700934011,0.09234199576529604,0.5952380952380952
volume_shock_20,2003,252,-0.0021265449902181143,4,0.006556677360428099,-0.324332718131378,-0.014977396474906337,0.010724306494470107,observed,-0.0037685509141413866,0.07147045556942003,0.4801587301587302
volume_shock_20,2004,252,-0.003322256023384517,4,0.005965024387119967,-0.5569559833750434,-0.015013488989042763,0.008368976942273728,observed,-0.0029934878405542984,0.06823657174680466,0.49206349206349204
volume_shock_20,2005,252,0.011560303673087498,4,0.004978309263137503,2.322134496281132,0.0018029968134358563,0.021317610532739138,observed,0.015801404030045516,0.05563866447808474,0.5992063492063492
volume_shock_20,2006,251,-0.0033345289942388265,4,0.0055516434589651465,-0.6006381747830036,-0.014215550228817883,0.0075464922403402305,observed,-0.0034565680334494933,0.06056054787370783,0.4900398406374502
volume_shock_20,2007,251,0.009611747615562079,4,0.005169810916883721,1.8592068008080818,-0.0005208955884120087,0.01974439081953617,observed,0.00751029614581898,0.055360951568978536,0.5577689243027888
volume_shock_20,2008,253,0.004671906531508058,4,0.007438191219092883,0.6280971265589238,-0.009906680368036071,0.019250493431052187,observed,0.0037043285495209654,0.07846423399020129,0.5138339920948617
volume_shock_20,2009,252,-0.0012135459831894753,4,0.004838499626552358,-0.2508103910001084,-0.010696830990442599,0.008269739024063647,observed,-0.001030182233352805,0.06245724603823641,0.4880952380952381
volume_shock_20,2010,252,-0.0010594868583374193,4,0.005547408087980211,-0.19098772643625253,-0.011932206918324835,0.009813233201649998,observed,-0.0036362066769961556,0.06100509643269608,0.46825396825396826
volume_shock_20,2011,252,0.0033377931919585965,4,0.004799826616564947,0.6953987005362556,-0.006069694108545442,0.012745280492462636,observed,0.006327030720898228,0.05796894472260987,0.5555555555555556
volume_shock_20,2012,250,0.004716701660279629,4,0.004610901367593074,1.0229456855074268,-0.004320498956469277,0.013753902277028534,observed,6.707428614571335e-05,0.05300414061097355,0.5
volume_shock_20,2013,252,-0.0030869650106788112,4,0.004329399459572614,-0.7130238361011733,-0.011572432026128307,0.005398502004770685,observed,-0.002158218557997014,0.05119455067175338,0.48412698412698413
volume_shock_20,2014,252,0.0014652027312933396,4,0.0046025266278672625,0.31834747515025047,-0.007555583697213079,0.010485989159799758,observed,-0.0008665776180251088,0.055636400807080696,0.49206349206349204
volume_shock_20,2015,252,-0.009382384610634939,4,0.005336010552171865,-1.758314478373008,-0.019840773114017482,0.001076003892747604,observed,-0.006955398998920594,0.05901661487415323,0.44047619047619047
volume_shock_20,2016,252,-0.0022977288601450053,4,0.006469972679730338,-0.3551373357948665,-0.014978642293374568,0.01038318457308456,observed,-0.0014763384251678864,0.06324926981795691,0.48412698412698413
volume_shock_20,2017,251,-0.00974423632474022,4,0.005160497660760527,-1.8882357798228644,-0.01985862588213405,0.0003701532326536097,observed,-0.011458739048179732,0.05244596635098698,0.40239043824701193
volume_shock_20,2018,251,-0.004508782200201646,4,0.0050236180913472575,-0.8975169127541023,-0.014354892731326119,0.005337328330922826,observed,-0.011662452421618471,0.054807324929996126,0.43824701195219123
volume_shock_20,2019,252,0.011290005167497544,4,0.004189724410798236,2.6946892111566223,0.003078296217184702,0.019501714117810386,observed,0.014517390609297751,0.049436024368711834,0.6031746031746031
gap_1,1993,239,-0.02314321429944099,4,0.008062569248146495,-2.8704515381075812,-0.038945559648668304,-0.007340868950213679,observed,-0.024342752218783164,0.11240041147012857,0.41422594142259417
gap_1,1994,249,-0.005740645801886668,4,0.007231073712767428,-0.793885670360515,-0.019913289848465156,0.008431998244691822,observed,-0.0070427029080154585,0.10407726053280017,0.46987951807228917
gap_1,1995,252,-0.005814805001733789,4,0.01078828457772384,-0.5389925488006196,-0.026959454229041422,0.015329844225573843,observed,0.0024709008951655587,0.1561969195945392,0.5079365079365079
gap_1,1996,254,0.0042950719895493185,4,0.007392242596137268,0.5810242201458132,-0.010193457263862596,0.01878360124296123,observed,0.005573002890176948,0.11636159745320707,0.515748031496063
gap_1,1997,253,-0.005021085650616662,4,0.00721038570588057,-0.6963685238809927,-0.019153181948784993,0.009111010647551671,observed,-0.017117847526663572,0.11391296685213255,0.4150197628458498
gap_1,1998,252,-0.005899141845108021,4,0.006418013861047298,-0.9191538025356326,-0.01847821786503958,0.006679934174823537,observed,-0.005436448859195236,0.1047799696521586,0.48412698412698413
gap_1,1999,252,0.016017017719246664,4,0.008580801623326775,1.8666108858296704,-0.0008010444209566453,0.03283507985944997,observed,0.00784954480238282,0.1172526950283921,0.5436507936507936
gap_1,2000,252,-0.010606260674911822,4,0.01294409846407401,-0.8193896781880335,-0.03597622747683711,0.014763706127013469,observed,-0.005472855354979465,0.2002583778778504,0.4880952380952381
gap_1,2001,248,-0.004016332261130201,4,0.010428794585742859,-0.38511951003627054,-0.02445639405135252,0.016423729529092115,observed,-0.013306169004539518,0.19017989856541895,0.47580645161290325
gap_1,2002,252,-0.0025563188075963268,4,0.008115911339410047,-0.3149761869850771,-0.018463212734560253,0.013350575119367597,observed,-0.007596269990977815,0.14447231457937337,0.48412698412698413
gap_1,2003,252,-0.009302660436708887,4,0.0069778975825606155,-1.3331609308738483,-0.0229790883863368,0.004373767512919027,observed,-0.01313942627074147,0.10765726981565374,0.45634920634920634
gap_1,2004,252,-0.00946206855971321,4,0.0064171039947135584,-1.474507592133166,-0.022039361274399892,0.003115224154973473,observed,-0.014225815451582951,0.09592408620409823,0.4444444444444444
gap_1,2005,252,-0.006308299504188432,4,0.006339453794919746,-0.9950856506350311,-0.018733400623886905,0.006116801615510039,observed,-0.008711441315992965,0.0860275908531031,0.45634920634920634
gap_1,2006,251,-0.002660186770660881,4,0.00635150858732092,-0.4188275484616724,-0.015108914849306761,0.009788541307985,observed,0.004125085453571423,0.1051226136070575,0.5139442231075697
gap_1,2007,251,-0.006030739268730322,4,0.004218320377315584,-1.4296541583615108,-0.014298495283520278,0.0022370167460596347,observed,-0.008638832131103108,0.07189508963930784,0.44621513944223107
gap_1,2008,253,-0.016117899853222904,4,0.008923929875918783,-1.806143714409617,-0.03360848101058471,0.0013726813041389022,observed,-0.00013840968141943025,0.1390208461432571,0.4980237154150198
gap_1,2009,252,-0.012433903966158314,4,0.008420143885040927,-1.4766854505002176,-0.028937082725483704,0.004069274793167073,observed,-0.0009833464157869502,0.1624357918103255,0.49206349206349204
gap_1,2010,252,-0.013866770101264737,4,0.009253645606681455,-1.4985196851770988,-0.03200358221605769,0.0042700420135282115,observed,-0.008207917745369307,0.14914686118815507,0.4801587301587302
gap_1,2011,252,-0.024551535671865594,4,0.011068086647356002,-2.2182276353727843,-0.04624458687845203,-0.002858484465279157,observed,-0.012812644992176308,0.1736126934972203,0.44047619047619047
gap_1,2012,250,0.008633047022639902,4,0.00664300148943362,1.2995702373951976,-0.004386996645895931,0.021653090691175735,observed,0.007763691902169176,0.12781249895148084,0.556
gap_1,2013,252,-0.005919445344633346,4,0.004489739576209355,-1.318438462667155,-0.014719173213967807,0.0028802825247011147,observed,-0.007237429336890826,0.0812764486878043,0.44841269841269843
gap_1,2014,252,-0.005860002656610488,4,0.00565568584037333,-1.0361259132851113,-0.01694494321161536,0.005224937898394387,observed,-0.0033183598213994145,0.09297257234355091,0.49206349206349204
gap_1,2015,252,0.00455343520525601,4,0.006172723205443999,0.7376704014915383,-0.007544879963948866,0.016651750374460886,observed,0.005133572408328806,0.10749996245382933,0.5277777777777778
gap_1,2016,252,-0.014238770767443574,4,0.00869500626726674,-1.6375802765142233,-0.031280669896636436,0.002803128361749287,observed,-0.0020748605365699907,0.1466333766940951,0.4880952380952381
gap_1,2017,251,-0.004565635023389414,4,0.00669085937358469,-0.6823690005224744,-0.017679478421237634,0.008548208374458804,observed,0.0010616489536041493,0.11859610128121872,0.5059760956175299
gap_1,2018,251,-0.0023597130722954897,4,0.006007410800038482,-0.39280035123956797,-0.014134021880707868,0.009414595736116887,observed,0.0015402836715562162,0.12043953077513955,0.50199203187251
gap_1,2019,252,0.009633810583897538,4,0.008353165969347515,1.15331248286571,-0.0067380938729092,0.026005715040704275,observed,0.0074949971012971284,0.13905019879668531,0.5198412698412699
intraday_1,1993,239,-0.04388094858570648,4,0.008684035787480613,-5.053059390769403,-0.0609013459696254,-0.026860551201787552,observed,-0.048685618181182486,0.1419528306503461,0.3807531380753138
intraday_1,1994,249,-0.05055760113604157,4,0.00982535906435716,-5.145623768544623,-0.06981495103735577,-0.03130025123472737,observed,-0.05134796760491094,0.13354590608385128,0.3132530120481928
intraday_1,1995,252,-0.05006940956883279,4,0.0092680799281976,-5.40234978083211,-0.06823451243393866,-0.03190430670372692,observed,-0.05410285660155404,0.15069768716193407,0.34523809523809523
intraday_1,1996,254,-0.057002755020663064,4,0.0066863282282521655,-8.525270234237937,-0.07010771753685081,-0.043897792504475314,observed,-0.057233133041953585,0.11192044767099035,0.31496062992125984
intraday_1,1997,253,-0.05497172975042069,4,0.007472536475516377,-7.356502029870915,-0.06961763211559466,-0.04032582738524672,observed,-0.051491551641066544,0.12083227864509197,0.308300395256917
intraday_1,1998,252,-0.03213541524049884,4,0.007642047312329634,-4.205079336351627,-0.047113552740816037,-0.017157277740181637,observed,-0.03372430690273591,0.11054279099966226,0.36507936507936506
intraday_1,1999,252,-0.05365319247984314,4,0.007172712598374164,-7.48018155530234,-0.06771145084411322,-0.03959493411557307,observed,-0.04931249815211022,0.11808554608506988,0.29365079365079366
intraday_1,2000,252,-0.021209041037876488,4,0.011964906401798835,-1.77260400755729,-0.044659826663794935,0.0022417445880419558,observed,-0.01927404707359781,0.17588348149455055,0.44841269841269843
intraday_1,2001,248,-0.02985280025865362,4,0.011731589285250676,-2.544650987414425,-0.052846292739160944,-0.006859307778146303,observed,-0.03392694625189198,0.18794933976588532,0.45564516129032256
intraday_1,2002,252,-0.02843908221473725,4,0.011034396124590071,-2.5773120607262743,-0.050066101210082134,-0.006812063219392362,observed,-0.03662163299970507,0.15831649424759014,0.4246031746031746
intraday_1,2003,252,-0.012313096616512469,4,0.008368682130976706,-1.4713304226164237,-0.028715412191290722,0.004089218958265785,observed,-0.018363505836377643,0.12649177652185886,0.4246031746031746
intraday_1,2004,252,-0.016157238657914526,4,0.007635319245914866,-2.1161182836669403,-0.031122189390373187,-0.0011922879254558632,observed,-0.010778455667492597,0.11231258039923078,0.44841269841269843
intraday_1,2005,252,-0.014650313938353279,4,0.005878324655426012,-2.492260090607661,-0.026171618552422084,-0.003129009324284473,observed,-0.019069638364821822,0.10551262851787392,0.43253968253968256
intraday_1,2006,251,-0.021121952846698596,4,0.008576461118711333,-2.462781857731118,-0.03793150775418091,-0.004312397939216284,observed,-0.024472257625683707,0.12608017245039202,0.42231075697211157
intraday_1,2007,251,-0.008873811364118639,4,0.007445921391313524,-1.1917680697611048,-0.023467549122809517,0.00571992639457224,observed,-0.005170055332654965,0.1018228694399961,0.4860557768924303
intraday_1,2008,253,-0.011388292648735284,4,0.012354315808248712,-0.9218068264963378,-0.035602306686536606,0.01282572138906604,observed,-0.017527658386686358,0.17417807255175327,0.45849802371541504
intraday_1,2009,252,-0.0007632870627969282,4,0.009805492439919232,-0.07784280774002773,-0.019981699095718404,0.018455124970124547,observed,0.010140601688902776,0.15811025740153992,0.5158730158730159
intraday_1,2010,252,-0.005151777507367073,4,0.00785290103057587,-0.6560349464877034,-0.020543180701453254,0.010239625686719107,observed,-0.00529953086927934,0.12275989353253144,0.4801587301587302
intraday_1,2011,252,-0.003130825714173435,4,0.008556385036395752,-0.36590519253820863,-0.01990103222336655,0.013639380795019678,observed,-0.0008426554311930128,0.14606135526139472,0.49603174603174605
intraday_1,2012,250,-0.0012071504544112024,4,0.006764058735486066,-0.17846540096971178,-0.014464461965277432,0.012050161056455028,observed,0.003171172020429205,0.11446394228787596,0.504
intraday_1,2013,252,-0.01113962052475867,4,0.005658110825340142,-1.9687879698059825,-0.022229313962961548,-4.9927086555792005e-05,observed,-0.01132288878391426,0.08130901682265275,0.44047619047619047
intraday_1,2014,252,-0.0073765391480744005,4,0.007883499456081456,-0.9356934936278865,-0.02282791415413516,0.008074835857986358,observed,-0.0033715763728555358,0.1078550172841086,0.46825396825396826
intraday_1,2015,252,-0.009973884003238145,4,0.0073186297107050565,-1.3628075742989445,-0.02431813465240485,0.004370366645928561,observed,-0.020560915615542547,0.11392113085795669,0.43253968253968256
intraday_1,2016,252,0.004876437570673088,4,0.008277904464038128,0.5890908250823498,-0.011347957046304981,0.02110083218765116,observed,0.007621844063552817,0.1246897367783749,0.5198412698412699
intraday_1,2017,251,-0.0018971024401535322,4,0.006279545003660757,-0.3021082640617413,-0.014204784486627058,0.010410579606319992,observed,-0.0019142150041392024,0.11297348489156768,0.4940239043824701
intraday_1,2018,251,-0.008752961067814116,4,0.006377175627114194,-1.3725450857270831,-0.021251995620044567,0.0037460734844163377,observed,-0.014820042584483675,0.1147931702491195,0.450199203187251
intraday_1,2019,252,-0.008775508444866673,4,0.007337945313246046,-1.1959081282638642,-0.02315761697935341,0.005606600089620063,observed,-0.007901832808433634,0.1137236435998524,0.47619047619047616
