feature,year,quintile,n_dates,n_pairs,mean_target
reversal_5,1993,1,239,6711,-0.0006409296627167713
reversal_5,1993,2,239,6708,0.0005999210603737534
reversal_5,1993,3,239,6707,0.0010137607994837611
reversal_5,1993,4,239,6708,0.003951890977584068
reversal_5,1993,5,239,6711,0.005783540546478916
reversal_5,1994,1,250,7713,-0.004370631410265727
reversal_5,1994,2,250,7721,-0.0013785920306752595
reversal_5,1994,3,250,7720,0.0007694537406853056
reversal_5,1994,4,250,7721,0.002468525239822484
reversal_5,1994,5,250,7713,0.0037922673134968762
reversal_5,1995,1,252,10677,0.0023771936927074813
reversal_5,1995,2,252,10666,0.0046208428389064625
reversal_5,1995,3,252,10675,0.007046617892276539
reversal_5,1995,4,252,10666,0.009063763349759918
reversal_5,1995,5,252,10677,0.011040877913869328
reversal_5,1996,1,254,13976,-0.0015223032730717792
reversal_5,1996,2,254,13971,0.0027095097776269296
reversal_5,1996,3,254,13962,0.004610832246639333
reversal_5,1996,4,254,13971,0.005622505756673226
reversal_5,1996,5,254,13976,0.008961185582608534
reversal_5,1997,1,253,17735,-0.0011807175883787378
reversal_5,1997,2,253,17742,0.003885658897410865
reversal_5,1997,3,253,17737,0.005653927650029
reversal_5,1997,4,253,17742,0.0068547054871470735
reversal_5,1997,5,253,17735,0.006544332984810074
reversal_5,1998,1,252,21367,0.001072549474158819
reversal_5,1998,2,252,21373,0.004346786549020389
reversal_5,1998,3,252,21361,0.005344348172888962
reversal_5,1998,4,252,21373,0.006798451359125411
reversal_5,1998,5,252,21367,0.008244581193930635
reversal_5,1999,1,252,26437,0.006381586674661998
reversal_5,1999,2,252,26435,0.0056300440754340035
reversal_5,1999,3,252,26422,0.00566169595309006
reversal_5,1999,4,252,26435,0.007134002048997392
reversal_5,1999,5,252,26437,0.013652190865519859
reversal_5,2000,1,252,34389,-0.008491679678614904
reversal_5,2000,2,252,34381,-0.0015120699549840974
reversal_5,2000,3,252,34388,0.00012007856907707105
reversal_5,2000,4,252,34381,0.0020460267281034875
reversal_5,2000,5,252,34389,0.0019492279360206397
reversal_5,2001,1,248,29496,-0.0056840555018480825
reversal_5,2001,2,248,29496,-0.002117397256411777
reversal_5,2001,3,248,29482,-0.0007814529566951464
reversal_5,2001,4,248,29496,0.000563141260437074
reversal_5,2001,5,248,29496,0.0006517282707171598
reversal_5,2002,1,252,27225,-0.008166141716469608
reversal_5,2002,2,252,27232,-0.004808566366183319
reversal_5,2002,3,252,27227,-0.003121604390218422
reversal_5,2002,4,252,27232,-0.00248584551076782
reversal_5,2002,5,252,27225,-0.004664194227825649
reversal_5,2003,1,252,28385,0.005547923840110199
reversal_5,2003,2,252,28389,0.005955221438265748
reversal_5,2003,3,252,28385,0.005772362981056274
reversal_5,2003,4,252,28389,0.007102415539633759
reversal_5,2003,5,252,28385,0.008372099279639124
reversal_5,2004,1,252,33877,0.000677705283141412
reversal_5,2004,2,252,33882,0.0018031619932373263
reversal_5,2004,3,252,33890,0.0025152985773239903
reversal_5,2004,4,252,33882,0.002939200711362164
reversal_5,2004,5,252,33877,0.003491706898115584
reversal_5,2005,1,252,37960,0.0026105746876629856
reversal_5,2005,2,252,37972,0.0023603067455700622
reversal_5,2005,3,252,37950,0.0024825199319537038
reversal_5,2005,4,252,37972,0.0037176529259831084
reversal_5,2005,5,252,37960,0.005418887914280749
reversal_5,2006,1,251,43469,0.0013485050972981286
reversal_5,2006,2,251,43471,0.0018564203381126474
reversal_5,2006,3,251,43465,0.002006228353963931
reversal_5,2006,4,251,43471,0.003298833766049508
reversal_5,2006,5,251,43469,0.0027274041441048245
reversal_5,2007,1,251,49464,-0.0009249349072471009
reversal_5,2007,2,251,49451,0.00018695237185207688
reversal_5,2007,3,251,49470,0.0007952886294476936
reversal_5,2007,4,251,49451,0.001272700857086491
reversal_5,2007,5,251,49464,0.0005560854989857126
reversal_5,2008,1,253,45833,-0.010264285946048526
reversal_5,2008,2,253,45824,-0.00805265705851631
reversal_5,2008,3,253,45838,-0.00637219068277998
reversal_5,2008,4,253,45824,-0.005866100892194143
reversal_5,2008,5,253,45833,-0.0042681815654462855
reversal_5,2009,1,252,37610,0.006534931057286722
reversal_5,2009,2,252,37605,0.007156717913126866
reversal_5,2009,3,252,37615,0.0065614582245025555
reversal_5,2009,4,252,37605,0.00772688897524385
reversal_5,2009,5,252,37610,0.00976894779265167
reversal_5,2010,1,252,41151,0.002945482328947885
reversal_5,2010,2,252,41148,0.003409137678251021
reversal_5,2010,3,252,41150,0.004300854290569607
reversal_5,2010,4,252,41148,0.00475435473448079
reversal_5,2010,5,252,41151,0.006344331644332833
reversal_5,2011,1,252,44220,-0.001421643213968937
reversal_5,2011,2,252,44221,-0.00032251715688262297
reversal_5,2011,3,252,44213,0.0005282906153268048
reversal_5,2011,4,252,44221,0.001262235948860863
reversal_5,2011,5,252,44220,0.0019052633230045469
reversal_5,2012,1,250,41769,0.0036310624658848676
reversal_5,2012,2,250,41769,0.0033653438241934832
reversal_5,2012,3,250,41765,0.003552046867266406
reversal_5,2012,4,250,41769,0.003728066047745135
reversal_5,2012,5,250,41769,0.0035885865995242227
reversal_5,2013,1,252,45380,0.004923873389601501
reversal_5,2013,2,252,45383,0.005683531972729887
reversal_5,2013,3,252,45373,0.005704478554201749
reversal_5,2013,4,252,45383,0.0064455407422386625
reversal_5,2013,5,252,45380,0.007173857469537361
reversal_5,2014,1,252,51267,0.0007807532248872651
reversal_5,2014,2,252,51264,0.0015274322227624435
reversal_5,2014,3,252,51275,0.002177674455543609
reversal_5,2014,4,252,51264,0.0024931651067930157
reversal_5,2014,5,252,51267,0.0014203851999584761
reversal_5,2015,1,252,52640,-0.0024245980433146032
reversal_5,2015,2,252,52659,-0.0009213348646117529
reversal_5,2015,3,252,52654,-0.000644462639346272
reversal_5,2015,4,252,52659,-0.0008600429419369214
reversal_5,2015,5,252,52640,-0.0019017341574219236
reversal_5,2016,1,252,49803,0.004934933283012211
reversal_5,2016,2,252,49820,0.004177098899756189
reversal_5,2016,3,252,49807,0.004376397945595392
reversal_5,2016,4,252,49820,0.004499083312775381
reversal_5,2016,5,252,49803,0.0036898698473118987
reversal_5,2017,1,251,51951,0.003257582755712213
reversal_5,2017,2,251,51940,0.0036130717275336508
reversal_5,2017,3,251,51963,0.003925114017249377
reversal_5,2017,4,251,51940,0.003835804769729503
reversal_5,2017,5,251,51951,0.005034248953076996
reversal_5,2018,1,251,56149,-0.0023631336699151046
reversal_5,2018,2,251,56128,-0.0022146753880853075
reversal_5,2018,3,251,56135,-0.0016701316039693266
reversal_5,2018,4,251,56128,-0.0011187873447048103
reversal_5,2018,5,251,56149,9.637605983847132e-05
reversal_5,2019,1,252,53724,0.005224307566507274
reversal_5,2019,2,252,53739,0.0046779917368868305
reversal_5,2019,3,252,53715,0.004739804786382299
reversal_5,2019,4,252,53739,0.004628950453868749
reversal_5,2019,5,252,53724,0.004307609669385467
momentum_60_skip5,1993,1,193,5406,0.003936381563463361
momentum_60_skip5,1993,2,193,5399,0.0021175440749651255
momentum_60_skip5,1993,3,193,5387,0.0023309862225947796
momentum_60_skip5,1993,4,193,5399,0.001898253386850736
momentum_60_skip5,1993,5,193,5406,0.005072322907313305
momentum_60_skip5,1994,1,250,7600,6.1029148955485724e-05
momentum_60_skip5,1994,2,250,7608,0.0003892863507291511
momentum_60_skip5,1994,3,250,7613,0.00047841085075459554
momentum_60_skip5,1994,4,250,7608,-0.0006340972885256622
momentum_60_skip5,1994,5,250,7600,0.0007858899293157975
momentum_60_skip5,1995,1,252,10495,0.00498740886715981
momentum_60_skip5,1995,2,252,10490,0.006328976754311243
momentum_60_skip5,1995,3,252,10485,0.0066659469304491846
momentum_60_skip5,1995,4,252,10490,0.006306631175838105
momentum_60_skip5,1995,5,252,10495,0.009405027525221283
momentum_60_skip5,1996,1,254,13640,0.005042835676639744
momentum_60_skip5,1996,2,254,13643,0.004624702817492519
momentum_60_skip5,1996,3,254,13643,0.004054540454980895
momentum_60_skip5,1996,4,254,13643,0.003012171208185768
momentum_60_skip5,1996,5,254,13640,0.003483923615360085
momentum_60_skip5,1997,1,253,17477,0.002443900555751267
momentum_60_skip5,1997,2,253,17488,0.005479021645614434
momentum_60_skip5,1997,3,253,17473,0.005406455325797079
momentum_60_skip5,1997,4,253,17488,0.005565090395092719
momentum_60_skip5,1997,5,253,17477,0.0030573064076189265
momentum_60_skip5,1998,1,252,21012,0.004641870863498251
momentum_60_skip5,1998,2,252,21006,0.005583732647203046
momentum_60_skip5,1998,3,252,21008,0.004773188913044611
momentum_60_skip5,1998,4,252,21006,0.004644061755379519
momentum_60_skip5,1998,5,252,21012,0.005380688026807041
momentum_60_skip5,1999,1,252,25662,0.0037665742350769327
momentum_60_skip5,1999,2,252,25668,0.0027263881491417586
momentum_60_skip5,1999,3,252,25671,0.003415476504782485
momentum_60_skip5,1999,4,252,25668,0.0071384173030396535
momentum_60_skip5,1999,5,252,25662,0.020844316722011733
momentum_60_skip5,2000,1,252,33697,-0.006758490228407071
momentum_60_skip5,2000,2,252,33713,-0.0004239457884515748
momentum_60_skip5,2000,3,252,33686,7.405066547058219e-06
momentum_60_skip5,2000,4,252,33713,0.00341467626271028
momentum_60_skip5,2000,5,252,33697,-0.0005668716630367151
momentum_60_skip5,2001,1,248,29256,-0.0036252885604519678
momentum_60_skip5,2001,2,248,29235,0.0017848235864237824
momentum_60_skip5,2001,3,248,29269,0.00021488464276793776
momentum_60_skip5,2001,4,248,29235,-0.0017328566663256724
momentum_60_skip5,2001,5,248,29256,-0.004158013030247721
momentum_60_skip5,2002,1,252,27038,-0.00782260552810131
momentum_60_skip5,2002,2,252,27037,-0.004390833659788385
momentum_60_skip5,2002,3,252,27022,-0.002352708679227452
momentum_60_skip5,2002,4,252,27037,-0.0029164326166592827
momentum_60_skip5,2002,5,252,27038,-0.005854481339380725
momentum_60_skip5,2003,1,252,28236,0.009746299880032054
momentum_60_skip5,2003,2,252,28230,0.006182701817198938
momentum_60_skip5,2003,3,252,28226,0.004738790612066431
momentum_60_skip5,2003,4,252,28230,0.005276133033016776
momentum_60_skip5,2003,5,252,28236,0.006620702892621399
momentum_60_skip5,2004,1,252,33685,0.0019040971015528564
momentum_60_skip5,2004,2,252,33698,0.002207717135743691
momentum_60_skip5,2004,3,252,33696,0.0020758263153048016
momentum_60_skip5,2004,4,252,33698,0.002638114249978746
momentum_60_skip5,2004,5,252,33685,0.002499387888870821
momentum_60_skip5,2005,1,252,37685,0.002578468240288722
momentum_60_skip5,2005,2,252,37700,0.0030815717458316638
momentum_60_skip5,2005,3,252,37693,0.0028434073983756116
momentum_60_skip5,2005,4,252,37700,0.00360565878103835
momentum_60_skip5,2005,5,252,37685,0.004589808939812921
momentum_60_skip5,2006,1,251,43097,0.0033411652331433025
momentum_60_skip5,2006,2,251,43097,0.002891376096901049
momentum_60_skip5,2006,3,251,43081,0.0020256159322478966
momentum_60_skip5,2006,4,251,43097,0.0015110892777160658
momentum_60_skip5,2006,5,251,43097,0.0014684830532635583
momentum_60_skip5,2007,1,251,49124,-0.003673978739446176
momentum_60_skip5,2007,2,251,49116,-0.0008042987002867271
momentum_60_skip5,2007,3,251,49135,0.00014680127722353195
momentum_60_skip5,2007,4,251,49116,0.0019268633805827541
momentum_60_skip5,2007,5,251,49124,0.004324576387824088
momentum_60_skip5,2008,1,253,45578,-0.008558706361341558
momentum_60_skip5,2008,2,253,45581,-0.0062349625263588854
momentum_60_skip5,2008,3,253,45596,-0.006858189297551215
momentum_60_skip5,2008,4,253,45581,-0.007138574290689142
momentum_60_skip5,2008,5,253,45578,-0.006163003669697777
momentum_60_skip5,2009,1,252,37500,0.012168246575280244
momentum_60_skip5,2009,2,252,37495,0.0083371249168315
momentum_60_skip5,2009,3,252,37497,0.006611902323694133
momentum_60_skip5,2009,4,252,37495,0.00522949480000089
momentum_60_skip5,2009,5,252,37500,0.005421486309190634
momentum_60_skip5,2010,1,252,40989,0.005009957435832324
momentum_60_skip5,2010,2,252,40986,0.003937461388995842
momentum_60_skip5,2010,3,252,40987,0.003574988728556813
momentum_60_skip5,2010,4,252,40986,0.004503973592427944
momentum_60_skip5,2010,5,252,40989,0.004724738161399354
momentum_60_skip5,2011,1,252,43975,-0.00032126109633379385
momentum_60_skip5,2011,2,252,43960,0.0007243710924328274
momentum_60_skip5,2011,3,252,43972,0.0008068914083401759
momentum_60_skip5,2011,4,252,43960,0.0013494485595177907
momentum_60_skip5,2011,5,252,43975,-0.000464175248258883
momentum_60_skip5,2012,1,250,41467,0.004169655553188119
momentum_60_skip5,2012,2,250,41467,0.004160783003780507
momentum_60_skip5,2012,3,250,41471,0.0032898693348203494
momentum_60_skip5,2012,4,250,41467,0.0033637601628428754
momentum_60_skip5,2012,5,250,41467,0.0027126116060967515
momentum_60_skip5,2013,1,252,45072,0.00590842852479267
momentum_60_skip5,2013,2,252,45065,0.00593043227467723
momentum_60_skip5,2013,3,252,45079,0.005420693491625841
momentum_60_skip5,2013,4,252,45065,0.006080708183068918
momentum_60_skip5,2013,5,252,45072,0.006525994778307053
momentum_60_skip5,2014,1,252,50709,-0.0005314183315292269
momentum_60_skip5,2014,2,252,50698,0.0025570554997974694
momentum_60_skip5,2014,3,252,50710,0.002425466002781058
momentum_60_skip5,2014,4,252,50698,0.0020530548210277487
momentum_60_skip5,2014,5,252,50709,0.0018158839889866557
momentum_60_skip5,2015,1,252,52189,-0.0030302373259643955
momentum_60_skip5,2015,2,252,52160,-0.0012227375970530108
momentum_60_skip5,2015,3,252,52194,-0.0007586571327605927
momentum_60_skip5,2015,4,252,52160,-0.0005522593110035574
momentum_60_skip5,2015,5,252,52189,-0.0011166716305295182
momentum_60_skip5,2016,1,252,49469,0.006711819375045203
momentum_60_skip5,2016,2,252,49465,0.005168023178516311
momentum_60_skip5,2016,3,252,49458,0.0036252391593785812
momentum_60_skip5,2016,4,252,49465,0.002983540733325367
momentum_60_skip5,2016,5,252,49469,0.0032217389077937595
momentum_60_skip5,2017,1,251,51590,0.002866867561220001
momentum_60_skip5,2017,2,251,51593,0.004045717162118911
momentum_60_skip5,2017,3,251,51595,0.003746870727449758
momentum_60_skip5,2017,4,251,51593,0.004583110603240291
momentum_60_skip5,2017,5,251,51590,0.004512990960615597
momentum_60_skip5,2018,1,251,55798,-0.001932625376650094
momentum_60_skip5,2018,2,251,55808,-0.0016060735049065623
momentum_60_skip5,2018,3,251,55795,-0.0014955232633838017
momentum_60_skip5,2018,4,251,55808,-0.001258868909297624
momentum_60_skip5,2018,5,251,55798,-0.0010362400217402655
momentum_60_skip5,2019,1,252,53325,0.005075931785931248
momentum_60_skip5,2019,2,252,53319,0.004936892421468399
momentum_60_skip5,2019,3,252,53321,0.004930509048229212
momentum_60_skip5,2019,4,252,53319,0.004635139831097624
momentum_60_skip5,2019,5,252,53325,0.0041216805048900655
volatility_20,1993,1,233,6537,0.00296564481253766
volatility_20,1993,2,233,6537,0.0022041481997647373
volatility_20,1993,3,233,6528,0.0015961943808729308
volatility_20,1993,4,233,6537,0.001650790781099608
volatility_20,1993,5,233,6537,0.001530154251139345
volatility_20,1994,1,250,7673,0.0009757979030617968
volatility_20,1994,2,250,7680,0.0005832399521638749
volatility_20,1994,3,250,7675,0.0009490433743030106
volatility_20,1994,4,250,7680,0.00023819084551049175
volatility_20,1994,5,250,7673,-0.001423490080256256
volatility_20,1995,1,252,10604,0.007584961827739636
volatility_20,1995,2,252,10603,0.007253642191911903
volatility_20,1995,3,252,10602,0.006015843045298834
volatility_20,1995,4,252,10603,0.0074395268794571045
volatility_20,1995,5,252,10604,0.00562997955911849
volatility_20,1996,1,254,13881,0.004720142989409737
volatility_20,1996,2,254,13860,0.004606353381523541
volatility_20,1996,3,254,13868,0.0039937200270873255
volatility_20,1996,4,254,13860,0.0037565840449075363
volatility_20,1996,5,254,13881,0.0033205259727968075
volatility_20,1997,1,253,17655,0.006281742825472851
volatility_20,1997,2,253,17655,0.005510911018321364
volatility_20,1997,3,253,17661,0.005423032153213954
volatility_20,1997,4,253,17655,0.00406264364583229
volatility_20,1997,5,253,17655,0.000642351528748963
volatility_20,1998,1,252,21261,0.0034910070428688577
volatility_20,1998,2,252,21239,0.005069998431274859
volatility_20,1998,3,252,21245,0.0057227810479696314
volatility_20,1998,4,252,21239,0.006554572992641477
volatility_20,1998,5,252,21261,0.004836651199271534
volatility_20,1999,1,252,26262,0.0007121630113520129
volatility_20,1999,2,252,26264,0.0025616982408725054
volatility_20,1999,3,252,26259,0.006852063593236009
volatility_20,1999,4,252,26264,0.013264377384433416
volatility_20,1999,5,252,26262,0.015167937930234195
volatility_20,2000,1,252,34218,0.003045818291040501
volatility_20,2000,2,252,34217,0.0035219565784934655
volatility_20,2000,3,252,34231,0.0020952885378802684
volatility_20,2000,4,252,34217,-0.0036457281479123347
volatility_20,2000,5,252,34218,-0.01040951383924609
volatility_20,2001,1,248,29419,-8.005847035391274e-05
volatility_20,2001,2,248,29430,0.00045230075802970356
volatility_20,2001,3,248,29416,-0.0003511414847231859
volatility_20,2001,4,248,29430,-0.0008889415286917009
volatility_20,2001,5,248,29419,-0.006352508606923534
volatility_20,2002,1,252,27164,-0.0011739720293347906
volatility_20,2002,2,252,27159,-0.0012866723707007984
volatility_20,2002,3,252,27173,-0.00274538121413618
volatility_20,2002,4,252,27159,-0.005693602418983557
volatility_20,2002,5,252,27164,-0.012344354253370169
volatility_20,2003,1,252,28349,0.003692963593190217
volatility_20,2003,2,252,28348,0.004968853509834568
volatility_20,2003,3,252,28344,0.006920268438621755
volatility_20,2003,4,252,28348,0.007725387577297375
volatility_20,2003,5,252,28349,0.009373926200565241
volatility_20,2004,1,252,33817,0.0029646079602539946
volatility_20,2004,2,252,33835,0.0025428994877288763
volatility_20,2004,3,252,33834,0.002609078997060589
volatility_20,2004,4,252,33835,0.00273484960996708
volatility_20,2004,5,252,33817,0.0005382687423869986
volatility_20,2005,1,252,37896,0.0017462823579571147
volatility_20,2005,2,252,37892,0.0029539904528828186
volatility_20,2005,3,252,37892,0.0036394380909705627
volatility_20,2005,4,252,37892,0.004916396581874148
volatility_20,2005,5,252,37896,0.0033321304576217443
volatility_20,2006,1,251,43366,0.0028853292969623283
volatility_20,2006,2,251,43356,0.002570231928322085
volatility_20,2006,3,251,43364,0.002054586460057863
volatility_20,2006,4,251,43356,0.0010985258462673573
volatility_20,2006,5,251,43366,0.0026542282437512347
volatility_20,2007,1,251,49375,0.0008294982723257825
volatility_20,2007,2,251,49372,0.0013900312962920676
volatility_20,2007,3,251,49385,0.0011731635564495276
volatility_20,2007,4,251,49372,-0.00016579061023541962
volatility_20,2007,5,251,49375,-0.0013222160514439723
volatility_20,2008,1,253,45759,-0.005916579934578801
volatility_20,2008,2,253,45780,-0.006263709020337094
volatility_20,2008,3,253,45759,-0.007042759356561378
volatility_20,2008,4,253,45780,-0.008372856186706782
volatility_20,2008,5,253,45759,-0.007294196865478477
volatility_20,2009,1,252,37567,0.003715493844081214
volatility_20,2009,2,252,37571,0.00691492299063804
volatility_20,2009,3,252,37565,0.0071185414167951626
volatility_20,2009,4,252,37571,0.008551564494790097
volatility_20,2009,5,252,37567,0.011533834950039897
volatility_20,2010,1,252,41105,0.003179839212627511
volatility_20,2010,2,252,41096,0.0037936401282883574
volatility_20,2010,3,252,41090,0.004207979780179613
volatility_20,2010,4,252,41096,0.004813753653589249
volatility_20,2010,5,252,41105,0.005706575427649363
volatility_20,2011,1,252,44144,0.0017520098440163825
volatility_20,2011,2,252,44157,0.0007811345602728615
volatility_20,2011,3,252,44140,9.42328137151388e-05
volatility_20,2011,4,252,44157,-0.00015513028093740936
volatility_20,2011,5,252,44144,-0.0005047765553194425
volatility_20,2012,1,250,41680,0.0030928782683713667
volatility_20,2012,2,250,41693,0.0037450120397569007
volatility_20,2012,3,250,41685,0.003820317074045475
volatility_20,2012,4,250,41693,0.0037036051457101063
volatility_20,2012,5,250,41680,0.00345739889089125
volatility_20,2013,1,252,45291,0.004545167680530077
volatility_20,2013,2,252,45293,0.006069018507821624
volatility_20,2013,3,252,45290,0.006717836113635015
volatility_20,2013,4,252,45293,0.0065194537030322935
volatility_20,2013,5,252,45291,0.006035693192184973
volatility_20,2014,1,252,51121,0.003221041881782439
volatility_20,2014,2,252,51099,0.002288756805185146
volatility_20,2014,3,252,51115,0.002388492100615317
volatility_20,2014,4,252,51099,0.0009360644613316664
volatility_20,2014,5,252,51121,-0.000416058539090286
volatility_20,2015,1,252,52520,0.00028674860084017815
volatility_20,2015,2,252,52541,-0.00043006823487201553
volatility_20,2015,3,252,52512,-0.0011871471001286325
volatility_20,2015,4,252,52541,-0.002115335546772963
volatility_20,2015,5,252,52520,-0.0032786366958924237
volatility_20,2016,1,252,49719,0.0034806881745603536
volatility_20,2016,2,252,49732,0.004554300069721935
volatility_20,2016,3,252,49715,0.004514219824072351
volatility_20,2016,4,252,49732,0.004012934268370831
volatility_20,2016,5,252,49719,0.005175058309826287
volatility_20,2017,1,251,51860,0.003985176132063175
volatility_20,2017,2,251,51869,0.004337155467393024
volatility_20,2017,3,251,51849,0.003797966366156836
volatility_20,2017,4,251,51869,0.004214991510074074
volatility_20,2017,5,251,51860,0.003324541717220791
volatility_20,2018,1,251,56052,-0.0009592302618215183
volatility_20,2018,2,251,56037,-0.0018446993909324498
volatility_20,2018,3,251,56046,-0.001850511539172638
volatility_20,2018,4,251,56037,-0.0020569999800596856
volatility_20,2018,5,251,56052,-0.0005363069010288903
volatility_20,2019,1,252,53649,0.004426734947009059
volatility_20,2019,2,252,53647,0.0043282007948125855
volatility_20,2019,3,252,53651,0.004727318840901353
volatility_20,2019,4,252,53647,0.004765609079504088
volatility_20,2019,5,252,53649,0.0053399999300059
turnover_20,1993,1,234,6575,0.0021215493269753343
turnover_20,1993,2,234,6575,0.0007008107490662535
turnover_20,1993,3,234,6571,0.003492394554998153
turnover_20,1993,4,234,6575,0.003608446066426247
turnover_20,1993,5,234,6575,0.0004900358994809178
turnover_20,1994,1,250,7727,0.0006232410945731437
turnover_20,1994,2,250,7731,7.351223550111513e-05
turnover_20,1994,3,250,7734,0.000999959898967531
turnover_20,1994,4,250,7731,-0.001017160263003265
turnover_20,1994,5,250,7727,0.0007502621733422727
turnover_20,1995,1,252,10693,0.007163135450122253
turnover_20,1995,2,252,10688,0.007087234353158846
turnover_20,1995,3,252,10683,0.0053201192413815605
turnover_20,1995,4,252,10688,0.0073962990150588295
turnover_20,1995,5,252,10693,0.007090016738071935
turnover_20,1996,1,254,13999,0.003704913651662449
turnover_20,1996,2,254,14002,0.004322575851980123
turnover_20,1996,3,254,13984,0.004342569828893578
turnover_20,1996,4,254,14002,0.0033507027759121367
turnover_20,1996,5,254,13999,0.004530833562629576
turnover_20,1997,1,253,17760,0.006435148473052609
turnover_20,1997,2,253,17763,0.005491644772867387
turnover_20,1997,3,253,17769,0.004513730195400625
turnover_20,1997,4,253,17763,0.005026953666804101
turnover_20,1997,5,253,17760,0.00024405657032276147
turnover_20,1998,1,252,21395,0.004604807732455647
turnover_20,1998,2,252,21407,0.004739129862955599
turnover_20,1998,3,252,21404,0.004090146701139343
turnover_20,1998,4,252,21407,0.003910205272547783
turnover_20,1998,5,252,21395,0.008405769030705296
turnover_20,1999,1,252,26450,-5.852592982453744e-05
turnover_20,1999,2,252,26444,0.0014193191370152458
turnover_20,1999,3,252,26430,0.005915844093335027
turnover_20,1999,4,252,26444,0.012569948960022417
turnover_20,1999,5,252,26450,0.018554897723596014
turnover_20,2000,1,252,34397,0.003200955377532152
turnover_20,2000,2,252,34397,0.0025762676492201097
turnover_20,2000,3,252,34401,-0.0018910091670387554
turnover_20,2000,4,252,34397,-0.0035348479971254905
turnover_20,2000,5,252,34397,-0.006240455541676693
turnover_20,2001,1,248,29510,-0.0006078742109563276
turnover_20,2001,2,248,29517,2.407377335059684e-05
turnover_20,2001,3,248,29497,0.00029476905784772754
turnover_20,2001,4,248,29517,-0.001374457065025164
turnover_20,2001,5,248,29510,-0.005821100850676294
turnover_20,2002,1,252,27244,-0.001029728137640675
turnover_20,2002,2,252,27245,-0.002054611968013794
turnover_20,2002,3,252,27248,-0.003923880511072205
turnover_20,2002,4,252,27245,-0.004546601606460878
turnover_20,2002,5,252,27244,-0.011745429335496283
turnover_20,2003,1,252,28394,0.0033915933384867365
turnover_20,2003,2,252,28396,0.00523676518244038
turnover_20,2003,3,252,28393,0.006008608377060832
turnover_20,2003,4,252,28396,0.008373519163500464
turnover_20,2003,5,252,28394,0.009724325386117815
turnover_20,2004,1,252,33890,0.001969566600640067
turnover_20,2004,2,252,33882,0.002881406210345464
turnover_20,2004,3,252,33903,0.002818741117936866
turnover_20,2004,4,252,33882,0.002781167266733688
turnover_20,2004,5,252,33890,0.00095374728503083
turnover_20,2005,1,252,37984,0.0017318468007998075
turnover_20,2005,2,252,37976,0.0026668314604981996
turnover_20,2005,3,252,37971,0.003981344538700262
turnover_20,2005,4,252,37976,0.004835495803872438
turnover_20,2005,5,252,37984,0.003361648386795482
turnover_20,2006,1,251,43487,0.0029533221761980687
turnover_20,2006,2,251,43495,0.002335941854937662
turnover_20,2006,3,251,43487,0.002157043683140059
turnover_20,2006,4,251,43495,0.0016789724299023099
turnover_20,2006,5,251,43487,0.002087115070364067
turnover_20,2007,1,251,49478,0.0008793425287607034
turnover_20,2007,2,251,49460,0.00147130134918048
turnover_20,2007,3,251,49485,0.0005449712332687073
turnover_20,2007,4,251,49460,-9.276924707454991e-05
turnover_20,2007,5,251,49478,-0.0008842948220563722
turnover_20,2008,1,253,45850,-0.005220440314901125
turnover_20,2008,2,253,45838,-0.00583766508334563
turnover_20,2008,3,253,45849,-0.008452872219102098
turnover_20,2008,4,253,45838,-0.008230198233349098
turnover_20,2008,5,253,45850,-0.0071192094603917885
turnover_20,2009,1,252,37620,0.004526765617892303
turnover_20,2009,2,252,37609,0.0062939596229173375
turnover_20,2009,3,252,37632,0.006440467958495742
turnover_20,2009,4,252,37609,0.010179483330746461
turnover_20,2009,5,252,37620,0.01033237432552125
turnover_20,2010,1,252,41160,0.003394432320551818
turnover_20,2010,2,252,41156,0.0036883557979121265
turnover_20,2010,3,252,41165,0.004492885910482071
turnover_20,2010,4,252,41156,0.005008033366637759
turnover_20,2010,5,252,41160,0.005167459201849337
turnover_20,2011,1,252,44229,0.0014390019193319262
turnover_20,2011,2,252,44241,0.0009681949760291015
turnover_20,2011,3,252,44225,0.0009539221656811572
turnover_20,2011,4,252,44241,0.00027567613021003306
turnover_20,2011,5,252,44229,-0.0017121333313336428
turnover_20,2012,1,250,41779,0.003546321204669862
turnover_20,2012,2,250,41798,0.0034113787853148523
turnover_20,2012,3,250,41762,0.003878986296414483
turnover_20,2012,4,250,41798,0.003468958073123262
turnover_20,2012,5,250,41779,0.003552932639114741
turnover_20,2013,1,252,45395,0.004896709344471759
turnover_20,2013,2,252,45394,0.006129814244727446
turnover_20,2013,3,252,45395,0.006437882448970295
turnover_20,2013,4,252,45394,0.006277756886137304
turnover_20,2013,5,252,45395,0.0061844239997270916
turnover_20,2014,1,252,51295,0.0027606238685556586
turnover_20,2014,2,252,51305,0.002718910045599519
turnover_20,2014,3,252,51307,0.0019151343485375569
turnover_20,2014,4,252,51305,0.0013784720264934176
turnover_20,2014,5,252,51295,-0.00035076733265197886
turnover_20,2015,1,252,52663,0.00029678197150449824
turnover_20,2015,2,252,52688,-0.0005292946005383052
turnover_20,2015,3,252,52686,-0.000924975585457437
turnover_20,2015,4,252,52688,-0.0021596640595102842
turnover_20,2015,5,252,52663,-0.0034494616755330713
turnover_20,2016,1,252,49822,0.0036416156844525692
turnover_20,2016,2,252,49840,0.0038609465128314
turnover_20,2016,3,252,49824,0.0043217888763353845
turnover_20,2016,4,252,49840,0.0044967654191420195
turnover_20,2016,5,252,49822,0.005333923472790485
turnover_20,2017,1,251,51965,0.004219474475335518
turnover_20,2017,2,251,51965,0.003925752168436262
turnover_20,2017,3,251,51975,0.00433419395978775
turnover_20,2017,4,251,51965,0.003868657594420798
turnover_20,2017,5,251,51965,0.003317619631336694
turnover_20,2018,1,251,56163,-0.0009642056718540947
turnover_20,2018,2,251,56142,-0.0017467540937578588
turnover_20,2018,3,251,56154,-0.002411392391318472
turnover_20,2018,4,251,56142,-0.0022544541532131153
turnover_20,2018,5,251,56163,9.927588098818483e-05
turnover_20,2019,1,252,53741,0.0050438216578040885
turnover_20,2019,2,252,53742,0.004964912796775171
turnover_20,2019,3,252,53735,0.004668997881708383
turnover_20,2019,4,252,53742,0.004179899178318185
turnover_20,2019,5,252,53741,0.0047014248259722585
dollar_liquidity_20,1993,1,234,6575,0.0029799250426021063
dollar_liquidity_20,1993,2,234,6575,0.002631117485357917
dollar_liquidity_20,1993,3,234,6571,0.000545143916686747
dollar_liquidity_20,1993,4,234,6575,0.0030114413820802985
dollar_liquidity_20,1993,5,234,6575,0.0011998776073066772
dollar_liquidity_20,1994,1,250,7727,-0.0012514739078811402
dollar_liquidity_20,1994,2,250,7731,-0.0009325897884727705
dollar_liquidity_20,1994,3,250,7734,0.0005802916045339688
dollar_liquidity_20,1994,4,250,7731,0.0025103450372487204
dollar_liquidity_20,1994,5,250,7727,0.0005068524502355909
dollar_liquidity_20,1995,1,252,10693,0.0062818932968491835
dollar_liquidity_20,1995,2,252,10688,0.007567245102600771
dollar_liquidity_20,1995,3,252,10683,0.007237057999368232
dollar_liquidity_20,1995,4,252,10688,0.006262892589997368
dollar_liquidity_20,1995,5,252,10693,0.006701921575827246
dollar_liquidity_20,1996,1,254,13999,0.003103577767283245
dollar_liquidity_20,1996,2,254,14002,0.0029024196777263232
dollar_liquidity_20,1996,3,254,13984,0.0037956330262178877
dollar_liquidity_20,1996,4,254,14002,0.005639219189692187
dollar_liquidity_20,1996,5,254,13999,0.004802317783828894
dollar_liquidity_20,1997,1,253,17760,0.005827279258136991
dollar_liquidity_20,1997,2,253,17763,0.004475036495346466
dollar_liquidity_20,1997,3,253,17769,0.004053109205472354
dollar_liquidity_20,1997,4,253,17763,0.0033550630632083263
dollar_liquidity_20,1997,5,253,17760,0.00401491181998685
dollar_liquidity_20,1998,1,252,21395,0.0031018115439727773
dollar_liquidity_20,1998,2,252,21407,0.0026998948988497307
dollar_liquidity_20,1998,3,252,21404,0.004379710359036007
dollar_liquidity_20,1998,4,252,21407,0.006066160302240882
dollar_liquidity_20,1998,5,252,21395,0.00950678197125819
dollar_liquidity_20,1999,1,252,26450,0.006505924038077176
dollar_liquidity_20,1999,2,252,26444,0.005812782095639528
dollar_liquidity_20,1999,3,252,26430,0.008257185169276258
dollar_liquidity_20,1999,4,252,26444,0.008093819253602039
dollar_liquidity_20,1999,5,252,26450,0.009735415812433628
dollar_liquidity_20,2000,1,252,34397,0.0002560943390348974
dollar_liquidity_20,2000,2,252,34397,4.530155748431071e-06
dollar_liquidity_20,2000,3,252,34401,-0.0009752567246045652
dollar_liquidity_20,2000,4,252,34397,-0.0016333975565521737
dollar_liquidity_20,2000,5,252,34397,-0.0035330241301695445
dollar_liquidity_20,2001,1,248,29510,0.00045449286543685746
dollar_liquidity_20,2001,2,248,29517,0.0018767056146473022
dollar_liquidity_20,2001,3,248,29497,-0.0022006330146964875
dollar_liquidity_20,2001,4,248,29517,-0.002973632155564169
dollar_liquidity_20,2001,5,248,29510,-0.00464580158539166
dollar_liquidity_20,2002,1,252,27244,-0.0024779412287677634
dollar_liquidity_20,2002,2,252,27245,-0.004778123620200112
dollar_liquidity_20,2002,3,252,27248,-0.0048716183302980635
dollar_liquidity_20,2002,4,252,27245,-0.0046515886161449796
dollar_liquidity_20,2002,5,252,27244,-0.006522605564422444
dollar_liquidity_20,2003,1,252,28394,0.006171022351693448
dollar_liquidity_20,2003,2,252,28396,0.0076761894275432785
dollar_liquidity_20,2003,3,252,28393,0.005916656150723829
dollar_liquidity_20,2003,4,252,28396,0.006582837075817289
dollar_liquidity_20,2003,5,252,28394,0.006385990791979918
dollar_liquidity_20,2004,1,252,33890,0.0025672076703827248
dollar_liquidity_20,2004,2,252,33882,0.0026936026722344545
dollar_liquidity_20,2004,3,252,33903,0.002111342164707997
dollar_liquidity_20,2004,4,252,33882,0.0027478792294164645
dollar_liquidity_20,2004,5,252,33890,0.0012845104659800104
dollar_liquidity_20,2005,1,252,37984,0.00330133467192386
dollar_liquidity_20,2005,2,252,37976,0.003621881035489971
dollar_liquidity_20,2005,3,252,37971,0.00338213879412
dollar_liquidity_20,2005,4,252,37976,0.0033184840098981266
dollar_liquidity_20,2005,5,252,37984,0.0029524111407319958
dollar_liquidity_20,2006,1,251,43487,0.0025726433591920362
dollar_liquidity_20,2006,2,251,43495,0.0019467647691731235
dollar_liquidity_20,2006,3,251,43487,0.002577607299668855
dollar_liquidity_20,2006,4,251,43495,0.0023592404988345933
dollar_liquidity_20,2006,5,251,43487,0.00175666871282928
dollar_liquidity_20,2007,1,251,49478,0.0003833908411195957
dollar_liquidity_20,2007,2,251,49460,0.0001624853275763069
dollar_liquidity_20,2007,3,251,49485,0.00024127136001410394
dollar_liquidity_20,2007,4,251,49460,0.0004298120328261519
dollar_liquidity_20,2007,5,251,49478,0.0007030895009926938
dollar_liquidity_20,2008,1,253,45850,-0.006375456411798871
dollar_liquidity_20,2008,2,253,45838,-0.006344939015599508
dollar_liquidity_20,2008,3,253,45849,-0.006230128218194355
dollar_liquidity_20,2008,4,253,45838,-0.00807669292359916
dollar_liquidity_20,2008,5,253,45850,-0.007831300048856933
dollar_liquidity_20,2009,1,252,37620,0.007885461002716742
dollar_liquidity_20,2009,2,252,37609,0.008257497899033083
dollar_liquidity_20,2009,3,252,37632,0.007612574437084231
dollar_liquidity_20,2009,4,252,37609,0.006381120481916916
dollar_liquidity_20,2009,5,252,37620,0.0076384087267351896
dollar_liquidity_20,2010,1,252,41160,0.004787308534052022
dollar_liquidity_20,2010,2,252,41156,0.004701934893974617
dollar_liquidity_20,2010,3,252,41165,0.004602727245450902
dollar_liquidity_20,2010,4,252,41156,0.004401181940143333
dollar_liquidity_20,2010,5,252,41160,0.0032576613415464064
dollar_liquidity_20,2011,1,252,44229,0.0006979710681057303
dollar_liquidity_20,2011,2,252,44241,0.0004248494383350282
dollar_liquidity_20,2011,3,252,44225,0.0002825222715532312
dollar_liquidity_20,2011,4,252,44241,0.00038297729767433874
dollar_liquidity_20,2011,5,252,44229,0.00013801426261942864
dollar_liquidity_20,2012,1,250,41779,0.003891799861406907
dollar_liquidity_20,2012,2,250,41798,0.003585692831806851
dollar_liquidity_20,2012,3,250,41762,0.003987319494425451
dollar_liquidity_20,2012,4,250,41798,0.0039049244348889713
dollar_liquidity_20,2012,5,250,41779,0.002489247270323675
dollar_liquidity_20,2013,1,252,45395,0.006134780161559449
dollar_liquidity_20,2013,2,252,45394,0.00610595278957851
dollar_liquidity_20,2013,3,252,45395,0.005639760135498171
dollar_liquidity_20,2013,4,252,45394,0.00581862848394596
dollar_liquidity_20,2013,5,252,45395,0.006228860321053614
dollar_liquidity_20,2014,1,252,51295,0.0014992152566876574
dollar_liquidity_20,2014,2,252,51305,0.001083621795649966
dollar_liquidity_20,2014,3,252,51307,0.0014826710289472776
dollar_liquidity_20,2014,4,252,51305,0.0023169147017093297
dollar_liquidity_20,2014,5,252,51295,0.0020394620877911738
dollar_liquidity_20,2015,1,252,52663,-0.001304053119932639
dollar_liquidity_20,2015,2,252,52688,-0.0011868103620218309
dollar_liquidity_20,2015,3,252,52686,-0.0016834658112681625
dollar_liquidity_20,2015,4,252,52688,-0.0016551966812875447
dollar_liquidity_20,2015,5,252,52663,-0.0009356956048578157
dollar_liquidity_20,2016,1,252,49822,0.005101631707389073
dollar_liquidity_20,2016,2,252,49840,0.0041000356811365405
dollar_liquidity_20,2016,3,252,49824,0.004102943444852852
dollar_liquidity_20,2016,4,252,49840,0.004069053197615125
dollar_liquidity_20,2016,5,252,49822,0.004281119022746102
dollar_liquidity_20,2017,1,251,51965,0.004187048056009125
dollar_liquidity_20,2017,2,251,51965,0.0037162295909701345
dollar_liquidity_20,2017,3,251,51975,0.004315247200353857
dollar_liquidity_20,2017,4,251,51965,0.003489680858524415
dollar_liquidity_20,2017,5,251,51965,0.00395829493205323
dollar_liquidity_20,2018,1,251,56163,-0.0016529914446779131
dollar_liquidity_20,2018,2,251,56142,-0.002273341500147227
dollar_liquidity_20,2018,3,251,56154,-0.0012963385991427794
dollar_liquidity_20,2018,4,251,56142,-0.0015776503116479458
dollar_liquidity_20,2018,5,251,56163,-0.0004789497294420691
dollar_liquidity_20,2019,1,252,53741,0.004094457318399014
dollar_liquidity_20,2019,2,252,53742,0.004568746285074571
dollar_liquidity_20,2019,3,252,53735,0.004843150553202263
dollar_liquidity_20,2019,4,252,53742,0.004703412226097806
dollar_liquidity_20,2019,5,252,53741,0.005349967924891524
volume_shock_20,1993,1,233,6547,0.0020564690415727713
volume_shock_20,1993,2,233,6547,0.002994141456998716
volume_shock_20,1993,3,233,6541,0.0025160212954499963
volume_shock_20,1993,4,233,6547,0.002019352929235813
volume_shock_20,1993,5,233,6547,0.0005811857723726548
volume_shock_20,1994,1,250,7726,-6.265639770141563e-05
volume_shock_20,1994,2,250,7731,0.00042164980402621975
volume_shock_20,1994,3,250,7732,0.00020810115798289752
volume_shock_20,1994,4,250,7731,0.0006699257238347565
volume_shock_20,1994,5,250,7726,0.00018749452871808493
volume_shock_20,1995,1,252,10690,0.00675627338966017
volume_shock_20,1995,2,252,10684,0.007773787269386889
volume_shock_20,1995,3,252,10682,0.007466420739449102
volume_shock_20,1995,4,252,10684,0.006719451498789642
volume_shock_20,1995,5,252,10690,0.005328359213976597
volume_shock_20,1996,1,254,13996,0.0027288574312177272
volume_shock_20,1996,2,254,13996,0.0049900861951354715
volume_shock_20,1996,3,254,13982,0.005125667513876538
volume_shock_20,1996,4,254,13996,0.004584952770667286
volume_shock_20,1996,5,254,13996,0.0027709875318260935
volume_shock_20,1997,1,253,17755,0.0034542181797982594
volume_shock_20,1997,2,253,17760,0.004903520464552272
volume_shock_20,1997,3,253,17761,0.005002944856770422
volume_shock_20,1997,4,253,17760,0.004877797603188525
volume_shock_20,1997,5,253,17755,0.0034677550958798794
volume_shock_20,1998,1,252,21387,0.004412904135944563
volume_shock_20,1998,2,252,21397,0.006490727519248888
volume_shock_20,1998,3,252,21396,0.0061422789104237565
volume_shock_20,1998,4,252,21397,0.005602568313052286
volume_shock_20,1998,5,252,21387,0.0030883697602058775
volume_shock_20,1999,1,252,26423,0.008719807113674127
volume_shock_20,1999,2,252,26421,0.00776711566152074
volume_shock_20,1999,3,252,26414,0.008104924393120485
volume_shock_20,1999,4,252,26421,0.007134502698657119
volume_shock_20,1999,5,252,26423,0.006437070749575729
volume_shock_20,2000,1,252,34373,-0.00357853718388818
volume_shock_20,2000,2,252,34376,-0.0012690920924759022
volume_shock_20,2000,3,252,34381,0.0006176184159821298
volume_shock_20,2000,4,252,34376,-0.0003096673363536269
volume_shock_20,2000,5,252,34373,-0.0014394576652963411
volume_shock_20,2001,1,248,29507,-0.0012375120175800356
volume_shock_20,2001,2,248,29506,-0.001373971376582537
volume_shock_20,2001,3,248,29503,-0.0018684363912330512
volume_shock_20,2001,4,248,29506,-0.0012531090833986245
volume_shock_20,2001,5,248,29507,-0.0017287787101646582
volume_shock_20,2002,1,252,27241,-0.0057248707679570555
volume_shock_20,2002,2,252,27242,-0.0058440858884200066
volume_shock_20,2002,3,252,27242,-0.005116366632944108
volume_shock_20,2002,4,252,27242,-0.003936047445202522
volume_shock_20,2002,5,252,27241,-0.0026949081880806107
volume_shock_20,2003,1,252,28393,0.007257626868992821
volume_shock_20,2003,2,252,28396,0.006535484944632112
volume_shock_20,2003,3,252,28388,0.006320288373518138
volume_shock_20,2003,4,252,28396,0.006180648684978757
volume_shock_20,2003,5,252,28393,0.006448066563022253
volume_shock_20,2004,1,252,33883,0.0025571115648823804
volume_shock_20,2004,2,252,33878,0.0022639222184118574
volume_shock_20,2004,3,252,33900,0.0020474000287398525
volume_shock_20,2004,4,252,33878,0.002330006259651191
volume_shock_20,2004,5,252,33883,0.0022073949260798735
volume_shock_20,2005,1,252,37980,0.002646540844773585
volume_shock_20,2005,2,252,37970,0.002929856089769618
volume_shock_20,2005,3,252,37970,0.003659658917798286
volume_shock_20,2005,4,252,37970,0.003877844389401726
volume_shock_20,2005,5,252,37980,0.003460013118933041
volume_shock_20,2006,1,251,43481,0.0024606913486388015
volume_shock_20,2006,2,251,43483,0.0022886595587395153
volume_shock_20,2006,3,251,43483,0.0026390647533644966
volume_shock_20,2006,4,251,43483,0.0019926195533138177
volume_shock_20,2006,5,251,43481,0.0018468904896140272
volume_shock_20,2007,1,251,49466,-0.0005518382722554733
volume_shock_20,2007,2,251,49461,0.00034149760451757837
volume_shock_20,2007,3,251,49467,0.0009212610245080529
volume_shock_20,2007,4,251,49461,0.0008848534154542966
volume_shock_20,2007,5,251,49466,0.0003235991607858718
volume_shock_20,2008,1,253,45844,-0.006930289311943752
volume_shock_20,2008,2,253,45836,-0.007219779084749532
volume_shock_20,2008,3,253,45845,-0.006865824591170587
volume_shock_20,2008,4,253,45836,-0.007275753954922739
volume_shock_20,2008,5,253,45844,-0.006569415018443227
volume_shock_20,2009,1,252,37618,0.007671686144232225
volume_shock_20,2009,2,252,37607,0.008237914688999072
volume_shock_20,2009,3,252,37625,0.007362328794210415
volume_shock_20,2009,4,252,37607,0.007396259354668632
volume_shock_20,2009,5,252,37618,0.007100665310678341
volume_shock_20,2010,1,252,41158,0.004579223734288742
volume_shock_20,2010,2,252,41149,0.0040222791322663915
volume_shock_20,2010,3,252,41162,0.0044702365631428586
volume_shock_20,2010,4,252,41149,0.004668801358111004
volume_shock_20,2010,5,252,41158,0.004006666131444845
volume_shock_20,2011,1,252,44225,-0.00012406234982263864
volume_shock_20,2011,2,252,44234,0.00033337419053845784
volume_shock_20,2011,3,252,44219,0.0006508376185600389
volume_shock_20,2011,4,252,44234,0.0006426539689853504
volume_shock_20,2011,5,252,44225,0.000432011957537631
volume_shock_20,2012,1,250,41773,0.0033662878185099798
volume_shock_20,2012,2,250,41792,0.0033553808995792607
volume_shock_20,2012,3,250,41758,0.0038348157228230493
volume_shock_20,2012,4,250,41792,0.003677218570836933
volume_shock_20,2012,5,250,41773,0.003623380691550497
volume_shock_20,2013,1,252,45390,0.006338586265004389
volume_shock_20,2013,2,252,45379,0.005957061506719231
volume_shock_20,2013,3,252,45394,0.006011247785384382
volume_shock_20,2013,4,252,45379,0.005785129362532705
volume_shock_20,2013,5,252,45390,0.005817440818838201
volume_shock_20,2014,1,252,51290,0.0016056513818251273
volume_shock_20,2014,2,252,51287,0.0016144551212558457
volume_shock_20,2014,3,252,51301,0.001654721718321438
volume_shock_20,2014,4,252,51287,0.002007840378887766
volume_shock_20,2014,5,252,51290,0.0015464290383183533
volume_shock_20,2015,1,252,52658,-0.000658628385019183
volume_shock_20,2015,2,252,52678,-0.0010310418659843377
volume_shock_20,2015,3,252,52676,-0.0013956821067124322
volume_shock_20,2015,4,252,52678,-0.0018096793169795988
volume_shock_20,2015,5,252,52658,-0.0018721094724582581
volume_shock_20,2016,1,252,49818,0.003767395619638565
volume_shock_20,2016,2,252,49834,0.004301680620508396
volume_shock_20,2016,3,252,49818,0.004462316809929811
volume_shock_20,2016,4,252,49834,0.0046623238454191135
volume_shock_20,2016,5,252,49818,0.004464906563466269
volume_shock_20,2017,1,251,51960,0.0044409770474128
volume_shock_20,2017,2,251,51960,0.004107413298951544
volume_shock_20,2017,3,251,51968,0.0038536822978369103
volume_shock_20,2017,4,251,51960,0.0037539794823251713
volume_shock_20,2017,5,251,51960,0.0035074014106499063
volume_shock_20,2018,1,251,56154,-0.0014941774321289005
volume_shock_20,2018,2,251,56134,-0.0011403767299559915
volume_shock_20,2018,3,251,56144,-0.0014928801555980453
volume_shock_20,2018,4,251,56134,-0.0015530141332012089
volume_shock_20,2018,5,251,56154,-0.0015907520637362298
volume_shock_20,2019,1,252,53735,0.004111801968975079
volume_shock_20,2019,2,252,53734,0.004565890725722902
volume_shock_20,2019,3,252,53727,0.004638189880785079
volume_shock_20,2019,4,252,53734,0.00501833353791251
volume_shock_20,2019,5,252,53735,0.005221303910712437
gap_1,1993,1,239,6494,0.003204495627167777
gap_1,1993,2,239,6355,0.0031630705669150987
gap_1,1993,3,239,7537,0.002919779669162244
gap_1,1993,4,239,6161,0.0012398088228714728
gap_1,1993,5,239,6561,0.0002130493261234878
gap_1,1994,1,249,7347,0.0001348162029426853
gap_1,1994,2,249,7545,0.0009093462618969563
gap_1,1994,3,249,8428,0.0008247248554368711
gap_1,1994,4,249,7128,0.0007790645807459722
gap_1,1994,5,249,7535,-0.0007728226021928954
gap_1,1995,1,252,10211,0.006582858562583995
gap_1,1995,2,252,10546,0.007434384882545853
gap_1,1995,3,252,11245,0.007633577803373673
gap_1,1995,4,252,10270,0.0071122409707108135
gap_1,1995,5,252,10538,0.005437066670110225
gap_1,1996,1,254,13458,0.002922266744807824
gap_1,1996,2,254,13537,0.004513713850735569
gap_1,1996,3,254,14938,0.004337528507114321
gap_1,1996,4,254,13446,0.004509888273455731
gap_1,1996,5,254,13793,0.004440812076203653
gap_1,1997,1,253,17154,0.0036862531859318827
gap_1,1997,2,253,17799,0.005004571085410843
gap_1,1997,3,253,17913,0.005733816809213194
gap_1,1997,4,253,17575,0.004826164736809536
gap_1,1997,5,253,17325,0.0023431080753390783
gap_1,1998,1,252,20961,0.005421453650050681
gap_1,1998,2,252,21171,0.005119885686052006
gap_1,1998,3,252,21498,0.005649567361321657
gap_1,1998,4,252,21074,0.005140270001056748
gap_1,1998,5,252,21087,0.004510265539797521
gap_1,1999,1,252,25911,0.006006074630575826
gap_1,1999,2,252,26474,0.005036344107769753
gap_1,1999,3,252,26247,0.005677040226229223
gap_1,1999,4,252,25996,0.009972663969448806
gap_1,1999,5,252,26242,0.012262781251333212
gap_1,2000,1,252,34166,-0.0011893760101441976
gap_1,2000,2,252,34129,-0.0002561498388979115
gap_1,2000,3,252,34072,-6.201727797002176e-05
gap_1,2000,4,252,34186,0.0003844599231293002
gap_1,2000,5,252,34077,-0.0048921986160693235
gap_1,2001,1,248,29347,-0.0014650979868730456
gap_1,2001,2,248,28910,-0.0022545636336761135
gap_1,2001,3,248,29792,-0.00046240423634083663
gap_1,2001,4,248,29129,-0.0009371286526019373
gap_1,2001,5,248,29125,-0.0025213938383660986
gap_1,2002,1,252,26953,-0.004939563903534762
gap_1,2002,2,252,26952,-0.004426372817515396
gap_1,2002,3,252,26851,-0.004052608757208174
gap_1,2002,4,252,27344,-0.004060134419386253
gap_1,2002,5,252,26895,-0.00598669285799947
gap_1,2003,1,252,28111,0.008009676400450064
gap_1,2003,2,252,28383,0.006261982076116095
gap_1,2003,3,252,27874,0.00579737186322672
gap_1,2003,4,252,28525,0.006036857317961813
gap_1,2003,5,252,27786,0.006936135767632846
gap_1,2004,1,252,33609,0.0022922098085332797
gap_1,2004,2,252,33286,0.0025813316897602555
gap_1,2004,3,252,34185,0.002603198489726628
gap_1,2004,4,252,33113,0.0027323897864693645
gap_1,2004,5,252,33611,0.001254137109520336
gap_1,2005,1,252,37278,0.004084634529373435
gap_1,2005,2,252,38017,0.003253256878054315
gap_1,2005,3,252,37457,0.0031171833155519283
gap_1,2005,4,252,37604,0.003067850902745554
gap_1,2005,5,252,37444,0.0031387543918242073
gap_1,2006,1,251,43019,0.002194056040718994
gap_1,2006,2,251,43419,0.0022928701950373264
gap_1,2006,3,251,43120,0.002262039962800575
gap_1,2006,4,251,42819,0.002374685893270256
gap_1,2006,5,251,43029,0.0020968501164303423
gap_1,2007,1,251,49150,0.0002054111645431511
gap_1,2007,2,251,48531,0.0008067363923274972
gap_1,2007,3,251,49134,0.0005335845527420938
gap_1,2007,4,251,49263,0.00033836698230230486
gap_1,2007,5,251,49024,4.203241579868604e-05
gap_1,2008,1,253,45436,-0.005111245936252154
gap_1,2008,2,253,45446,-0.006157201415504504
gap_1,2008,3,253,45389,-0.006622026608180573
gap_1,2008,4,253,45377,-0.007757862216813973
gap_1,2008,5,253,45462,-0.009309068760418952
gap_1,2009,1,252,37251,0.00882455494234606
gap_1,2009,2,252,37252,0.007464897306284057
gap_1,2009,3,252,37343,0.007301896737181595
gap_1,2009,4,252,37253,0.006994825499315752
gap_1,2009,5,252,37234,0.007282520055646518
gap_1,2010,1,252,40752,0.004975409757001037
gap_1,2010,2,252,40788,0.004686565974452342
gap_1,2010,3,252,40847,0.00455168700651297
gap_1,2010,4,252,40797,0.00382860162012789
gap_1,2010,5,252,40778,0.0038258168051180244
gap_1,2011,1,252,43825,0.001631515549512483
gap_1,2011,2,252,43757,0.001347393297005859
gap_1,2011,3,252,43904,0.0005651671357188163
gap_1,2011,4,252,43800,-4.19338180290752e-05
gap_1,2011,5,252,43845,-0.0015874552422027756
gap_1,2012,1,250,41298,0.003074942325141571
gap_1,2012,2,250,41407,0.003348543811515562
gap_1,2012,3,250,41360,0.003722006788503937
gap_1,2012,4,250,41372,0.003711206183345188
gap_1,2012,5,250,41373,0.003998526209016924
gap_1,2013,1,252,44947,0.006114128717959177
gap_1,2013,2,252,44907,0.006123444485801328
gap_1,2013,3,252,45050,0.0060581964141670835
gap_1,2013,4,252,44937,0.006029606079427702
gap_1,2013,5,252,44935,0.005656920026154085
gap_1,2014,1,252,50833,0.0011704355204850893
gap_1,2014,2,252,50830,0.002277315397289135
gap_1,2014,3,252,50766,0.0021475984176775103
gap_1,2014,4,252,50765,0.0021361683208412437
gap_1,2014,5,252,50801,0.0006507430738941016
gap_1,2015,1,252,52162,-0.002563806954922557
gap_1,2015,2,252,52238,-0.001060258208595844
gap_1,2015,3,252,52107,-0.0005742286000477725
gap_1,2015,4,252,52146,-0.0009710351820408627
gap_1,2015,5,252,52156,-0.0015562390854787457
gap_1,2016,1,252,49350,0.005717673592068903
gap_1,2016,2,252,49359,0.004238402607678037
gap_1,2016,3,252,49253,0.004192803249420985
gap_1,2016,4,252,49415,0.003581131111543665
gap_1,2016,5,252,49326,0.0038872148387863736
gap_1,2017,1,251,51534,0.003574867578922657
gap_1,2017,2,251,51453,0.004075846992989679
gap_1,2017,3,251,51400,0.004375063781043374
gap_1,2017,4,251,51454,0.004531366681514354
gap_1,2017,5,251,51453,0.003134302163203868
gap_1,2018,1,251,55617,-0.0014284694780984074
gap_1,2018,2,251,55618,-0.001211198477954415
gap_1,2018,3,251,55519,-0.0017543163150076236
gap_1,2018,4,251,55788,-0.00124045945503318
gap_1,2018,5,251,55558,-0.0017451808007688345
gap_1,2019,1,252,53275,0.004134355120255174
gap_1,2019,2,252,53145,0.00445172201325663
gap_1,2019,3,252,53252,0.0046177904073651955
gap_1,2019,4,252,53219,0.004694961618097306
gap_1,2019,5,252,53246,0.005635400687440092
intraday_1,1993,1,239,6701,0.004098716266370023
intraday_1,1993,2,239,6703,0.003681737648351769
intraday_1,1993,3,239,6748,0.0020062979590541913
intraday_1,1993,4,239,6693,0.0011274016962268653
intraday_1,1993,5,239,6696,-7.892108023100238e-05
intraday_1,1994,1,249,7692,0.0026140122059420995
intraday_1,1994,2,249,7712,0.0013913437012076006
intraday_1,1994,3,249,7688,3.6920135533191846e-05
intraday_1,1994,4,249,7694,-0.00015598532473188256
intraday_1,1994,5,249,7690,-0.002710883703676012
intraday_1,1995,1,252,10675,0.010029112904074067
intraday_1,1995,2,252,10743,0.007825795353331447
intraday_1,1995,3,252,10649,0.006806456231124085
intraday_1,1995,4,252,10689,0.005817115568698697
intraday_1,1995,5,252,10680,0.003640770170453663
intraday_1,1996,1,254,13999,0.007149775903279046
intraday_1,1996,2,254,13984,0.0063024086910403185
intraday_1,1996,3,254,13967,0.003850215297894339
intraday_1,1996,4,254,14019,0.0033513011018003695
intraday_1,1996,5,254,13999,-0.00040253472062906756
intraday_1,1997,1,253,17754,0.0070618580221217045
intraday_1,1997,2,253,17720,0.006173084463511887
intraday_1,1997,3,253,17786,0.004501741572920962
intraday_1,1997,4,253,17781,0.004218478290707353
intraday_1,1997,5,253,17749,-0.0002458630666959654
intraday_1,1998,1,252,21389,0.0075569619997201696
intraday_1,1998,2,252,21402,0.006661601261798087
intraday_1,1998,3,252,21421,0.004756010970104769
intraday_1,1998,4,252,21377,0.00464783629652382
intraday_1,1998,5,252,21393,0.0021697937475659997
intraday_1,1999,1,252,26435,0.016076290427277894
intraday_1,1999,2,252,26433,0.008966718694320489
intraday_1,1999,3,252,26425,0.0050291763184226075
intraday_1,1999,4,252,26427,0.0034827942838228498
intraday_1,1999,5,252,26425,0.004825618460028239
intraday_1,2000,1,252,34395,-0.00039647567554874767
intraday_1,2000,2,252,34384,0.0013573777552526056
intraday_1,2000,3,252,34417,0.0011465332525275366
intraday_1,2000,4,252,34400,-0.0016076634223274333
intraday_1,2000,5,252,34373,-0.006451857842721146
intraday_1,2001,1,248,29501,0.0007279455102538124
intraday_1,2001,2,248,29517,0.0007449125663138188
intraday_1,2001,3,248,29489,-0.001103779815579511
intraday_1,2001,4,248,29504,-0.002538261155248058
intraday_1,2001,5,248,29503,-0.00531227171057348
intraday_1,2002,1,252,27236,-0.004516601904615398
intraday_1,2002,2,252,27246,-0.002483473542765072
intraday_1,2002,3,252,27240,-0.003503172650409111
intraday_1,2002,4,252,27247,-0.004415087111824851
intraday_1,2002,5,252,27238,-0.008380315473001245
intraday_1,2003,1,252,28386,0.00764255906441239
intraday_1,2003,2,252,28402,0.0067371593160719095
intraday_1,2003,3,252,28381,0.0059689527482746285
intraday_1,2003,4,252,28402,0.006129603140195208
intraday_1,2003,5,252,28391,0.006251001751758721
intraday_1,2004,1,252,33893,0.0028425681708719257
intraday_1,2004,2,252,33887,0.002872473313293438
intraday_1,2004,3,252,33889,0.0024898513578630373
intraday_1,2004,4,252,33867,0.002062879501545265
intraday_1,2004,5,252,33896,0.001133992522909785
intraday_1,2005,1,252,37942,0.004847572561398531
intraday_1,2005,2,252,37924,0.003455252204235981
intraday_1,2005,3,252,37932,0.0029572451081082258
intraday_1,2005,4,252,37938,0.002635902964939007
intraday_1,2005,5,252,37940,0.002745382792638305
intraday_1,2006,1,251,43492,0.0032357309736779686
intraday_1,2006,2,251,43482,0.002650965483491516
intraday_1,2006,3,251,43491,0.0023734505490347157
intraday_1,2006,4,251,43499,0.0020466853626548895
intraday_1,2006,5,251,43486,0.0009043403320936292
intraday_1,2007,1,251,49474,0.0005503329481866823
intraday_1,2007,2,251,49461,0.0012118183360366737
intraday_1,2007,3,251,49487,0.0006234808684789907
intraday_1,2007,4,251,49460,3.337049624357769e-05
intraday_1,2007,5,251,49479,-0.0004997732822135597
intraday_1,2008,1,253,45847,-0.005444837819089488
intraday_1,2008,2,253,45840,-0.006449202924324194
intraday_1,2008,3,253,45844,-0.006429547749924128
intraday_1,2008,4,253,45844,-0.007960594581124716
intraday_1,2008,5,253,45849,-0.008572876084657328
intraday_1,2009,1,252,37618,0.00875066783461838
intraday_1,2009,2,252,37594,0.0072483720295560055
intraday_1,2009,3,252,37646,0.006979922459471788
intraday_1,2009,4,252,37611,0.00706081009708386
intraday_1,2009,5,252,37621,0.0077335227226558055
intraday_1,2010,1,252,41165,0.0049395510565764696
intraday_1,2010,2,252,41144,0.004487120872588659
intraday_1,2010,3,252,41174,0.004122943292651869
intraday_1,2010,4,252,41154,0.0038777923894244147
intraday_1,2010,5,252,41156,0.0043251908320589534
intraday_1,2011,1,252,44228,0.00022857647190741148
intraday_1,2011,2,252,44235,0.0008874530642598575
intraday_1,2011,3,252,44231,0.0008855107662252233
intraday_1,2011,4,252,44238,0.000378993809422932
intraday_1,2011,5,252,44233,-0.00045453994462031345
intraday_1,2012,1,250,41777,0.0036221635084612313
intraday_1,2012,2,250,41806,0.0038527580700155033
intraday_1,2012,3,250,41748,0.0035209757275555475
intraday_1,2012,4,250,41807,0.003652010332984789
intraday_1,2012,5,250,41778,0.0032114258237641805
intraday_1,2013,1,252,45404,0.006530707158773367
intraday_1,2013,2,252,45385,0.006354545607443298
intraday_1,2013,3,252,45398,0.0059542646324931975
intraday_1,2013,4,252,45390,0.0056884485225732265
intraday_1,2013,5,252,45396,0.005396152145720792
intraday_1,2014,1,252,51294,0.001253283986374093
intraday_1,2014,2,252,51311,0.002291269276758178
intraday_1,2014,3,252,51316,0.0022137306249702636
intraday_1,2014,4,252,51285,0.0020787850448821484
intraday_1,2014,5,252,51301,0.0005850919384291126
intraday_1,2015,1,252,52666,-0.0014880590115415781
intraday_1,2015,2,252,52697,-0.0007677975508643872
intraday_1,2015,3,252,52673,-0.0007672054223642545
intraday_1,2015,4,252,52687,-0.0009781405425001574
intraday_1,2015,5,252,52664,-0.0027654775149465534
intraday_1,2016,1,252,49820,0.0042566907480489
intraday_1,2016,2,252,49844,0.004171111673137667
intraday_1,2016,3,252,49810,0.004362465804859358
intraday_1,2016,4,252,49851,0.004236487086145819
intraday_1,2016,5,252,49823,0.004627946221754798
intraday_1,2017,1,251,51972,0.0037207463239778034
intraday_1,2017,2,251,51954,0.004112605506727025
intraday_1,2017,3,251,51975,0.0039980283113018825
intraday_1,2017,4,251,51971,0.004035842990599217
intraday_1,2017,5,251,51963,0.0037993355784705965
intraday_1,2018,1,251,56162,-0.0005604532118185471
intraday_1,2018,2,251,56133,-0.0015419695382067147
intraday_1,2018,3,251,56165,-0.0018784842309231397
intraday_1,2018,4,251,56139,-0.0016918181260239446
intraday_1,2018,5,251,56165,-0.0016065589289837652
intraday_1,2019,1,252,53741,0.004974468328922657
intraday_1,2019,2,252,53740,0.004883505299816912
intraday_1,2019,3,252,53738,0.004883004295150138
intraday_1,2019,4,252,53740,0.004417504060212454
intraday_1,2019,5,252,53742,0.004402224700592876
