feature,label_status,status_rows,finite_feature
reversal_5,missing_entry_measurement,7232,7184
reversal_5,measurable_ordinary_event_adjusted,4801521,4799331
reversal_5,valid_entry_unresolved_exit_wealth,3534,3530
reversal_5,other_unresolved_corporate_action,1616,1616
reversal_5,measurable_cash_only_delisting,2549,2549
momentum_60_skip5,measurable_ordinary_event_adjusted,4801521,4751221
momentum_60_skip5,valid_entry_unresolved_exit_wealth,3534,3494
momentum_60_skip5,other_unresolved_corporate_action,1616,1582
momentum_60_skip5,measurable_cash_only_delisting,2549,2534
momentum_60_skip5,missing_entry_measurement,7232,7097
volatility_20,missing_entry_measurement,7232,7119
volatility_20,measurable_ordinary_event_adjusted,4801521,4787162
volatility_20,valid_entry_unresolved_exit_wealth,3534,3520
volatility_20,other_unresolved_corporate_action,1616,1602
volatility_20,measurable_cash_only_delisting,2549,2544
turnover_20,missing_entry_measurement,7232,7230
turnover_20,measurable_ordinary_event_adjusted,4801521,4800842
turnover_20,valid_entry_unresolved_exit_wealth,3534,3532
turnover_20,other_unresolved_corporate_action,1616,1616
turnover_20,measurable_cash_only_delisting,2549,2549
dollar_liquidity_20,measurable_ordinary_event_adjusted,4801521,4800842
dollar_liquidity_20,valid_entry_unresolved_exit_wealth,3534,3532
dollar_liquidity_20,other_unresolved_corporate_action,1616,1616
dollar_liquidity_20,measurable_cash_only_delisting,2549,2549
dollar_liquidity_20,missing_entry_measurement,7232,7230
volume_shock_20,measurable_ordinary_event_adjusted,4801521,4799816
volume_shock_20,valid_entry_unresolved_exit_wealth,3534,3532
volume_shock_20,other_unresolved_corporate_action,1616,1616
volume_shock_20,measurable_cash_only_delisting,2549,2549
volume_shock_20,missing_entry_measurement,7232,7205
gap_1,measurable_ordinary_event_adjusted,4801521,4754839
gap_1,valid_entry_unresolved_exit_wealth,3534,3512
gap_1,other_unresolved_corporate_action,1616,1609
gap_1,measurable_cash_only_delisting,2549,2540
gap_1,missing_entry_measurement,7232,1803
intraday_1,missing_entry_measurement,7232,1815
intraday_1,measurable_ordinary_event_adjusted,4801521,4800863
intraday_1,valid_entry_unresolved_exit_wealth,3534,3533
intraday_1,other_unresolved_corporate_action,1616,1616
intraday_1,measurable_cash_only_delisting,2549,2549
