feature,label_status,status_rows,feature_observed,feature_coverage_pct
reversal_5,measurable_ordinary_event_adjusted,6673134,6670510,99.96067814613043
reversal_5,other_unresolved_corporate_action,1982,1982,100.0
reversal_5,valid_entry_unresolved_exit_wealth,4087,4083,99.9021287007585
reversal_5,measurable_cash_only_delisting,3616,3616,100.0
reversal_5,administrative_right_censoring,8686,8685,99.9884872208151
reversal_5,missing_entry_measurement,7596,7546,99.3417588204318
momentum_60_skip5,measurable_ordinary_event_adjusted,6673134,6609761,99.05032627847724
momentum_60_skip5,other_unresolved_corporate_action,1982,1943,98.03229061553986
momentum_60_skip5,valid_entry_unresolved_exit_wealth,4087,4047,99.02128700758503
momentum_60_skip5,measurable_cash_only_delisting,3616,3597,99.47455752212389
momentum_60_skip5,administrative_right_censoring,8686,8623,99.2746949113516
momentum_60_skip5,missing_entry_measurement,7596,7460,98.20958399157452
volatility_20,missing_entry_measurement,7596,7481,98.48604528699316
volatility_20,administrative_right_censoring,8686,8678,99.90789776652083
volatility_20,measurable_ordinary_event_adjusted,6673134,6655435,99.7347722973943
volatility_20,valid_entry_unresolved_exit_wealth,4087,4073,99.65745045265476
volatility_20,other_unresolved_corporate_action,1982,1963,99.04137235116045
volatility_20,measurable_cash_only_delisting,3616,3611,99.86172566371681
turnover_20,measurable_ordinary_event_adjusted,6673134,6672455,99.98982487089275
turnover_20,other_unresolved_corporate_action,1982,1982,100.0
turnover_20,valid_entry_unresolved_exit_wealth,4087,4085,99.95106435037926
turnover_20,measurable_cash_only_delisting,3616,3616,100.0
turnover_20,administrative_right_censoring,8686,8686,100.0
turnover_20,missing_entry_measurement,7596,7594,99.97367035281727
dollar_liquidity_20,measurable_ordinary_event_adjusted,6673134,6672455,99.98982487089275
dollar_liquidity_20,valid_entry_unresolved_exit_wealth,4087,4085,99.95106435037926
dollar_liquidity_20,other_unresolved_corporate_action,1982,1982,100.0
dollar_liquidity_20,measurable_cash_only_delisting,3616,3616,100.0
dollar_liquidity_20,missing_entry_measurement,7596,7594,99.97367035281727
dollar_liquidity_20,administrative_right_censoring,8686,8686,100.0
volume_shock_20,administrative_right_censoring,8686,8685,99.9884872208151
volume_shock_20,missing_entry_measurement,7596,7567,99.61822011585045
volume_shock_20,measurable_ordinary_event_adjusted,6673134,6671138,99.97008901664495
volume_shock_20,other_unresolved_corporate_action,1982,1982,100.0
volume_shock_20,valid_entry_unresolved_exit_wealth,4087,4085,99.95106435037926
volume_shock_20,measurable_cash_only_delisting,3616,3616,100.0
gap_1,measurable_ordinary_event_adjusted,6673134,6610091,99.05527148113615
gap_1,valid_entry_unresolved_exit_wealth,4087,4061,99.36383655493027
gap_1,other_unresolved_corporate_action,1982,1975,99.6468213925328
gap_1,measurable_cash_only_delisting,3616,3606,99.72345132743362
gap_1,missing_entry_measurement,7596,2164,28.488678251711427
gap_1,administrative_right_censoring,8686,8633,99.38982270320055
intraday_1,measurable_ordinary_event_adjusted,6673134,6672468,99.99001968190659
intraday_1,other_unresolved_corporate_action,1982,1982,100.0
intraday_1,valid_entry_unresolved_exit_wealth,4087,4086,99.97553217518963
intraday_1,measurable_cash_only_delisting,3616,3616,100.0
intraday_1,administrative_right_censoring,8686,8686,100.0
intraday_1,missing_entry_measurement,7596,2177,28.65982095839916
