feature_a,feature_b,mean_daily_correlation,n_dates,n_pairs
reversal_5,momentum_60_skip5,0.0021815870528357957,6739,4763833
reversal_5,volatility_20,-0.034066539564386315,6779,4801947
reversal_5,turnover_20,-0.024703902286793804,6780,4813530
reversal_5,dollar_liquidity_20,0.011979167315073702,6780,4813530
reversal_5,volume_shock_20,-0.101571663077932,6779,4812538
reversal_5,gap_1,-0.14849995296548243,6784,4762599
reversal_5,intraday_1,-0.36926461510316994,6784,4808215
momentum_60_skip5,volatility_20,0.019635692308985337,6739,4763833
momentum_60_skip5,turnover_20,0.05961719290861653,6739,4765928
momentum_60_skip5,dollar_liquidity_20,0.0013492630867363705,6739,4765928
momentum_60_skip5,volume_shock_20,0.0168216320384015,6739,4765873
momentum_60_skip5,gap_1,-0.005029148547269128,6738,4714288
momentum_60_skip5,intraday_1,0.005923453161353705,6738,4759979
volatility_20,turnover_20,0.674676935677683,6779,4801947
volatility_20,dollar_liquidity_20,0.0059567109139249085,6779,4801947
volatility_20,volume_shock_20,-0.058693192871647655,6779,4801947
volatility_20,gap_1,0.05645223901133406,6778,4750470
volatility_20,intraday_1,-0.010959277440224954,6778,4796014
turnover_20,dollar_liquidity_20,0.11562369862789691,6780,4815769
turnover_20,volume_shock_20,-0.08940562492297789,6779,4814718
turnover_20,gap_1,0.051923634678373784,6779,4763629
turnover_20,intraday_1,-0.011905658058244568,6779,4809694
dollar_liquidity_20,volume_shock_20,0.019611017148423088,6779,4814718
dollar_liquidity_20,gap_1,0.012189220832167317,6779,4763629
dollar_liquidity_20,intraday_1,-0.011016557478091374,6779,4809694
volume_shock_20,gap_1,0.03883504422001322,6778,4762639
volume_shock_20,intraday_1,0.08917948793773425,6778,4808703
gap_1,intraday_1,-0.052590064849657274,6784,4764303
