feature_a,feature_b,ic_correlation,n_dates
reversal_5,momentum_60_skip5,-0.0944342681471062,6737
reversal_5,volatility_20,0.11228934253917307,6777
reversal_5,turnover_20,0.10013679065069303,6778
reversal_5,dollar_liquidity_20,-0.00023587511096825366,6778
reversal_5,volume_shock_20,-0.18101891562579422,6777
reversal_5,gap_1,-0.17572369519061992,6782
reversal_5,intraday_1,-0.3898681267721951,6782
momentum_60_skip5,volatility_20,-0.1663703465671567,6737
momentum_60_skip5,turnover_20,-0.10041244195933671,6737
momentum_60_skip5,dollar_liquidity_20,0.019463293158423878,6737
momentum_60_skip5,volume_shock_20,0.1226699556390021,6737
momentum_60_skip5,gap_1,0.044318061255554944,6736
momentum_60_skip5,intraday_1,0.01798417467708326,6736
volatility_20,turnover_20,0.9482459593621541,6777
volatility_20,dollar_liquidity_20,0.1567052142157373,6777
volatility_20,volume_shock_20,-0.21781942566103882,6777
volatility_20,gap_1,0.11662303199687936,6776
volatility_20,intraday_1,-0.1488466640387459,6776
turnover_20,dollar_liquidity_20,0.18203811681812745,6778
turnover_20,volume_shock_20,-0.22130951232706964,6777
turnover_20,gap_1,0.12938593072528182,6777
turnover_20,intraday_1,-0.14950328955551412,6777
dollar_liquidity_20,volume_shock_20,0.045611455402052775,6777
dollar_liquidity_20,gap_1,0.06746932159071907,6777
dollar_liquidity_20,intraday_1,-0.03973738613364074,6777
volume_shock_20,gap_1,0.02425383734754573,6776
volume_shock_20,intraday_1,0.15731831657093082,6776
gap_1,intraday_1,0.12356988736426311,6782
