feature,n_dates,mean,lag,se,t_stat,ci_lower,ci_upper,inference_status,median,std,positive_frequency
reversal_5,6783,0.029920760436880498,4,0.0028140899381542818,10.632481937128514,0.024405245508841558,0.03543627536491944,observed,0.022979763386689448,0.14665143564511282,0.5767359575409111
reversal_5,6783,0.029920760436880498,20,0.0030957292978150033,9.665173391613688,0.02385324250727762,0.03598827836648338,observed,0.022979763386689448,0.14665143564511282,0.5767359575409111
momentum_60_skip5,6737,0.004769689300649334,4,0.003720491491875721,1.2820051627761284,-0.002522340028214774,0.012061718629513442,observed,0.010031194153880615,0.1672847725356246,0.5270892088466677
momentum_60_skip5,6737,0.004769689300649334,20,0.004140281551997348,1.1520205185921109,-0.003345113427121066,0.012884492028419734,observed,0.010031194153880615,0.1672847725356246,0.5270892088466677
volatility_20,6777,-0.014486706624450838,4,0.005176771752477546,-2.798405515467755,-0.024632992815491125,-0.00434042043341055,observed,-0.007814580471337514,0.23629713492319468,0.48989228272096796
volatility_20,6777,-0.014486706624450838,20,0.005560678320194952,-2.6052049390878897,-0.02538543586164563,-0.003587977387256046,observed,-0.007814580471337514,0.23629713492319468,0.48989228272096796
turnover_20,6778,-0.00975447147486073,4,0.004522954216091515,-2.1566593444958633,-0.018619298842123693,-0.000889644107597766,observed,-0.0022795155241858993,0.2056673466702724,0.49616406019474774
turnover_20,6778,-0.00975447147486073,20,0.0049797238325618885,-1.9588378397768307,-0.019514550839637795,5.607889916338024e-06,observed,-0.0022795155241858993,0.2056673466702724,0.49616406019474774
dollar_liquidity_20,6778,0.0006288153927963458,4,0.0019975067108606625,0.31480014028358844,-0.003286225819367616,0.004543856604960308,observed,0.0017923609582676911,0.09374946659463368,0.5085570964886397
dollar_liquidity_20,6778,0.0006288153927963458,20,0.002325018520584595,0.270456079050174,-0.003928137170938059,0.0051857679565307496,observed,0.0017923609582676911,0.09374946659463368,0.5085570964886397
volume_shock_20,6777,0.00033680303557796185,4,0.001303143855084658,0.25845422534420165,-0.0022173119870626513,0.0028909180582185746,observed,0.00019900355709067153,0.07463450509962513,0.5012542422900989
volume_shock_20,6777,0.00033680303557796185,20,0.0014436001096394242,0.23330770989071686,-0.002492601187393383,0.0031662072585493064,observed,0.00019900355709067153,0.07463450509962513,0.5012542422900989
gap_1,6782,-0.005650619127014101,4,0.0015454870330968006,-3.656206105910549,-0.008679718050457492,-0.002621520203570709,observed,-0.004559783938715686,0.12935171760362332,0.48407549395458566
gap_1,6782,-0.005650619127014101,20,0.0015183491246714912,-3.7215545721321925,-0.00862652872732814,-0.0026747095267000615,observed,-0.004559783938715686,0.12935171760362332,0.48407549395458566
intraday_1,6782,-0.02068816453977117,4,0.0017030821381560756,-12.147484890053638,-0.024026144193270548,-0.017350184886271793,observed,-0.02018215813313457,0.1318230472203514,0.4296667649660867
intraday_1,6782,-0.02068816453977117,20,0.0018127398439304358,-11.412649536579107,-0.024241069347215583,-0.017135259732326758,observed,-0.02018215813313457,0.1318230472203514,0.4296667649660867
