feature,quintile,valid_ic_dates,observed_bucket_dates,empty_bucket_dates,min_bucket_size,max_bucket_size
reversal_5,1,6783,6783,0,25,241
reversal_5,2,6783,6783,0,24,241
reversal_5,3,6783,6783,0,24,241
reversal_5,4,6783,6783,0,24,241
reversal_5,5,6783,6783,0,25,241
momentum_60_skip5,1,6737,6737,0,24,240
momentum_60_skip5,2,6737,6737,0,24,239
momentum_60_skip5,3,6737,6737,0,24,240
momentum_60_skip5,4,6737,6737,0,24,239
momentum_60_skip5,5,6737,6737,0,24,240
volatility_20,1,6777,6777,0,24,240
volatility_20,2,6777,6777,0,24,241
volatility_20,3,6777,6777,0,24,240
volatility_20,4,6777,6777,0,24,241
volatility_20,5,6777,6777,0,24,240
turnover_20,1,6778,6778,0,25,241
turnover_20,2,6778,6778,0,24,241
turnover_20,3,6778,6778,0,24,241
turnover_20,4,6778,6778,0,24,241
turnover_20,5,6778,6778,0,25,241
dollar_liquidity_20,1,6778,6778,0,25,241
dollar_liquidity_20,2,6778,6778,0,24,241
dollar_liquidity_20,3,6778,6778,0,24,241
dollar_liquidity_20,4,6778,6778,0,24,241
dollar_liquidity_20,5,6778,6778,0,25,241
volume_shock_20,1,6777,6777,0,25,241
volume_shock_20,2,6777,6777,0,24,241
volume_shock_20,3,6777,6777,0,24,241
volume_shock_20,4,6777,6777,0,24,241
volume_shock_20,5,6777,6777,0,25,241
gap_1,1,6782,6782,0,12,263
gap_1,2,6782,6782,0,3,257
gap_1,3,6782,6782,0,1,246
gap_1,4,6782,6782,0,2,257
gap_1,5,6782,6782,0,13,249
intraday_1,1,6782,6782,0,22,241
intraday_1,2,6782,6782,0,19,241
intraday_1,3,6782,6782,0,17,241
intraday_1,4,6782,6782,0,19,241
intraday_1,5,6782,6782,0,22,241
