signal_date,td,eligible,numeric_labels,n_pairs,ic,ic_reason,feature,attribution
1993-01-04,0,0,0,0,,insufficient_pairs,reversal_5,no_eligible_signals
1993-01-05,1,0,0,0,,insufficient_pairs,reversal_5,no_eligible_signals
1993-01-06,2,0,0,0,,insufficient_pairs,reversal_5,no_eligible_signals
1993-01-07,3,0,0,0,,insufficient_pairs,reversal_5,no_eligible_signals
1993-01-08,4,0,0,0,,insufficient_pairs,reversal_5,no_eligible_signals
1993-01-11,5,0,0,0,,insufficient_pairs,reversal_5,no_eligible_signals
1993-01-12,6,0,0,0,,insufficient_pairs,reversal_5,no_eligible_signals
1993-01-13,7,0,0,0,,insufficient_pairs,reversal_5,no_eligible_signals
1993-01-14,8,0,0,0,,insufficient_pairs,reversal_5,no_eligible_signals
1993-01-15,9,0,0,0,,insufficient_pairs,reversal_5,no_eligible_signals
1993-01-18,10,0,0,0,,insufficient_pairs,reversal_5,no_eligible_signals
1993-01-19,11,0,0,0,,insufficient_pairs,reversal_5,no_eligible_signals
1993-01-20,12,0,0,0,,insufficient_pairs,reversal_5,no_eligible_signals
1993-01-21,13,0,0,0,,insufficient_pairs,reversal_5,no_eligible_signals
1994-10-28,461,166,0,0,,insufficient_pairs,reversal_5,no_numeric_labels_under_frozen_policy
1994-11-04,466,163,0,0,,insufficient_pairs,reversal_5,no_numeric_labels_under_frozen_policy
1993-01-04,0,0,0,0,,insufficient_pairs,momentum_60_skip5,no_eligible_signals
1993-01-05,1,0,0,0,,insufficient_pairs,momentum_60_skip5,no_eligible_signals
1993-01-06,2,0,0,0,,insufficient_pairs,momentum_60_skip5,no_eligible_signals
1993-01-07,3,0,0,0,,insufficient_pairs,momentum_60_skip5,no_eligible_signals
1993-01-08,4,0,0,0,,insufficient_pairs,momentum_60_skip5,no_eligible_signals
1993-01-11,5,0,0,0,,insufficient_pairs,momentum_60_skip5,no_eligible_signals
1993-01-12,6,0,0,0,,insufficient_pairs,momentum_60_skip5,no_eligible_signals
1993-01-13,7,0,0,0,,insufficient_pairs,momentum_60_skip5,no_eligible_signals
1993-01-14,8,0,0,0,,insufficient_pairs,momentum_60_skip5,no_eligible_signals
1993-01-15,9,0,0,0,,insufficient_pairs,momentum_60_skip5,no_eligible_signals
1993-01-18,10,0,0,0,,insufficient_pairs,momentum_60_skip5,no_eligible_signals
1993-01-19,11,0,0,0,,insufficient_pairs,momentum_60_skip5,no_eligible_signals
1993-01-20,12,0,0,0,,insufficient_pairs,momentum_60_skip5,no_eligible_signals
1993-01-21,13,0,0,0,,insufficient_pairs,momentum_60_skip5,no_eligible_signals
1993-01-22,14,133,133,0,,insufficient_pairs,momentum_60_skip5,no_finite_feature_numeric_pairs
1993-01-25,15,136,136,0,,insufficient_pairs,momentum_60_skip5,no_finite_feature_numeric_pairs
1993-01-26,16,138,138,0,,insufficient_pairs,momentum_60_skip5,no_finite_feature_numeric_pairs
1993-01-27,17,139,138,0,,insufficient_pairs,momentum_60_skip5,no_finite_feature_numeric_pairs
1993-01-28,18,134,134,0,,insufficient_pairs,momentum_60_skip5,no_finite_feature_numeric_pairs
1993-01-29,19,134,134,0,,insufficient_pairs,momentum_60_skip5,no_finite_feature_numeric_pairs
1993-02-01,20,136,136,0,,insufficient_pairs,momentum_60_skip5,no_finite_feature_numeric_pairs
1993-02-02,21,137,137,0,,insufficient_pairs,momentum_60_skip5,no_finite_feature_numeric_pairs
1993-02-03,22,136,136,0,,insufficient_pairs,momentum_60_skip5,no_finite_feature_numeric_pairs
1993-02-04,23,138,138,0,,insufficient_pairs,momentum_60_skip5,no_finite_feature_numeric_pairs
1993-02-05,24,140,140,0,,insufficient_pairs,momentum_60_skip5,no_finite_feature_numeric_pairs
1993-02-08,25,142,142,0,,insufficient_pairs,momentum_60_skip5,no_finite_feature_numeric_pairs
1993-02-09,26,139,139,0,,insufficient_pairs,momentum_60_skip5,no_finite_feature_numeric_pairs
1993-02-10,27,142,142,0,,insufficient_pairs,momentum_60_skip5,no_finite_feature_numeric_pairs
1993-02-11,28,134,134,0,,insufficient_pairs,momentum_60_skip5,no_finite_feature_numeric_pairs
1993-02-12,29,135,135,0,,insufficient_pairs,momentum_60_skip5,no_finite_feature_numeric_pairs
1993-02-16,30,132,132,0,,insufficient_pairs,momentum_60_skip5,no_finite_feature_numeric_pairs
1993-02-17,31,134,134,0,,insufficient_pairs,momentum_60_skip5,no_finite_feature_numeric_pairs
1993-02-18,32,138,138,0,,insufficient_pairs,momentum_60_skip5,no_finite_feature_numeric_pairs
1993-02-19,33,144,144,0,,insufficient_pairs,momentum_60_skip5,no_finite_feature_numeric_pairs
1993-02-22,34,139,139,0,,insufficient_pairs,momentum_60_skip5,no_finite_feature_numeric_pairs
1993-02-23,35,141,141,0,,insufficient_pairs,momentum_60_skip5,no_finite_feature_numeric_pairs
1993-02-24,36,147,147,0,,insufficient_pairs,momentum_60_skip5,no_finite_feature_numeric_pairs
1993-02-25,37,147,147,0,,insufficient_pairs,momentum_60_skip5,no_finite_feature_numeric_pairs
1993-02-26,38,148,148,0,,insufficient_pairs,momentum_60_skip5,no_finite_feature_numeric_pairs
1993-03-01,39,147,147,0,,insufficient_pairs,momentum_60_skip5,no_finite_feature_numeric_pairs
1993-03-02,40,148,148,0,,insufficient_pairs,momentum_60_skip5,no_finite_feature_numeric_pairs
1993-03-03,41,152,152,0,,insufficient_pairs,momentum_60_skip5,no_finite_feature_numeric_pairs
1993-03-04,42,148,148,0,,insufficient_pairs,momentum_60_skip5,no_finite_feature_numeric_pairs
1993-03-05,43,145,145,0,,insufficient_pairs,momentum_60_skip5,no_finite_feature_numeric_pairs
1993-03-08,44,145,145,0,,insufficient_pairs,momentum_60_skip5,no_finite_feature_numeric_pairs
1993-03-09,45,146,146,0,,insufficient_pairs,momentum_60_skip5,no_finite_feature_numeric_pairs
1993-03-10,46,147,147,0,,insufficient_pairs,momentum_60_skip5,no_finite_feature_numeric_pairs
1993-03-11,47,145,145,0,,insufficient_pairs,momentum_60_skip5,no_finite_feature_numeric_pairs
1993-03-12,48,144,144,0,,insufficient_pairs,momentum_60_skip5,no_finite_feature_numeric_pairs
1993-03-15,49,143,143,0,,insufficient_pairs,momentum_60_skip5,no_finite_feature_numeric_pairs
1993-03-16,50,143,143,0,,insufficient_pairs,momentum_60_skip5,no_finite_feature_numeric_pairs
1993-03-17,51,140,140,0,,insufficient_pairs,momentum_60_skip5,no_finite_feature_numeric_pairs
1993-03-18,52,136,136,0,,insufficient_pairs,momentum_60_skip5,no_finite_feature_numeric_pairs
1993-03-19,53,136,136,0,,insufficient_pairs,momentum_60_skip5,no_finite_feature_numeric_pairs
1993-03-22,54,137,137,0,,insufficient_pairs,momentum_60_skip5,no_finite_feature_numeric_pairs
1993-03-23,55,135,135,0,,insufficient_pairs,momentum_60_skip5,no_finite_feature_numeric_pairs
1993-03-24,56,134,134,0,,insufficient_pairs,momentum_60_skip5,no_finite_feature_numeric_pairs
1993-03-25,57,134,133,0,,insufficient_pairs,momentum_60_skip5,no_finite_feature_numeric_pairs
1993-03-26,58,131,131,0,,insufficient_pairs,momentum_60_skip5,no_finite_feature_numeric_pairs
1993-03-29,59,127,127,0,,insufficient_pairs,momentum_60_skip5,no_finite_feature_numeric_pairs
1994-10-28,461,166,0,0,,insufficient_pairs,momentum_60_skip5,no_numeric_labels_under_frozen_policy
1994-11-04,466,163,0,0,,insufficient_pairs,momentum_60_skip5,no_numeric_labels_under_frozen_policy
1993-01-04,0,0,0,0,,insufficient_pairs,volatility_20,no_eligible_signals
1993-01-05,1,0,0,0,,insufficient_pairs,volatility_20,no_eligible_signals
1993-01-06,2,0,0,0,,insufficient_pairs,volatility_20,no_eligible_signals
1993-01-07,3,0,0,0,,insufficient_pairs,volatility_20,no_eligible_signals
1993-01-08,4,0,0,0,,insufficient_pairs,volatility_20,no_eligible_signals
1993-01-11,5,0,0,0,,insufficient_pairs,volatility_20,no_eligible_signals
1993-01-12,6,0,0,0,,insufficient_pairs,volatility_20,no_eligible_signals
1993-01-13,7,0,0,0,,insufficient_pairs,volatility_20,no_eligible_signals
1993-01-14,8,0,0,0,,insufficient_pairs,volatility_20,no_eligible_signals
1993-01-15,9,0,0,0,,insufficient_pairs,volatility_20,no_eligible_signals
1993-01-18,10,0,0,0,,insufficient_pairs,volatility_20,no_eligible_signals
1993-01-19,11,0,0,0,,insufficient_pairs,volatility_20,no_eligible_signals
1993-01-20,12,0,0,0,,insufficient_pairs,volatility_20,no_eligible_signals
1993-01-21,13,0,0,0,,insufficient_pairs,volatility_20,no_eligible_signals
1993-01-22,14,133,133,0,,insufficient_pairs,volatility_20,no_finite_feature_numeric_pairs
1993-01-25,15,136,136,0,,insufficient_pairs,volatility_20,no_finite_feature_numeric_pairs
1993-01-26,16,138,138,0,,insufficient_pairs,volatility_20,no_finite_feature_numeric_pairs
1993-01-27,17,139,138,0,,insufficient_pairs,volatility_20,no_finite_feature_numeric_pairs
1993-01-28,18,134,134,0,,insufficient_pairs,volatility_20,no_finite_feature_numeric_pairs
1993-01-29,19,134,134,0,,insufficient_pairs,volatility_20,no_finite_feature_numeric_pairs
1994-10-28,461,166,0,0,,insufficient_pairs,volatility_20,no_numeric_labels_under_frozen_policy
1994-11-04,466,163,0,0,,insufficient_pairs,volatility_20,no_numeric_labels_under_frozen_policy
1993-01-04,0,0,0,0,,insufficient_pairs,turnover_20,no_eligible_signals
1993-01-05,1,0,0,0,,insufficient_pairs,turnover_20,no_eligible_signals
1993-01-06,2,0,0,0,,insufficient_pairs,turnover_20,no_eligible_signals
1993-01-07,3,0,0,0,,insufficient_pairs,turnover_20,no_eligible_signals
1993-01-08,4,0,0,0,,insufficient_pairs,turnover_20,no_eligible_signals
1993-01-11,5,0,0,0,,insufficient_pairs,turnover_20,no_eligible_signals
1993-01-12,6,0,0,0,,insufficient_pairs,turnover_20,no_eligible_signals
1993-01-13,7,0,0,0,,insufficient_pairs,turnover_20,no_eligible_signals
1993-01-14,8,0,0,0,,insufficient_pairs,turnover_20,no_eligible_signals
1993-01-15,9,0,0,0,,insufficient_pairs,turnover_20,no_eligible_signals
1993-01-18,10,0,0,0,,insufficient_pairs,turnover_20,no_eligible_signals
1993-01-19,11,0,0,0,,insufficient_pairs,turnover_20,no_eligible_signals
1993-01-20,12,0,0,0,,insufficient_pairs,turnover_20,no_eligible_signals
1993-01-21,13,0,0,0,,insufficient_pairs,turnover_20,no_eligible_signals
1993-01-22,14,133,133,0,,insufficient_pairs,turnover_20,no_finite_feature_numeric_pairs
1993-01-25,15,136,136,0,,insufficient_pairs,turnover_20,no_finite_feature_numeric_pairs
1993-01-26,16,138,138,0,,insufficient_pairs,turnover_20,no_finite_feature_numeric_pairs
1993-01-27,17,139,138,0,,insufficient_pairs,turnover_20,no_finite_feature_numeric_pairs
1993-01-28,18,134,134,0,,insufficient_pairs,turnover_20,no_finite_feature_numeric_pairs
1994-10-28,461,166,0,0,,insufficient_pairs,turnover_20,no_numeric_labels_under_frozen_policy
1994-11-04,466,163,0,0,,insufficient_pairs,turnover_20,no_numeric_labels_under_frozen_policy
1993-01-04,0,0,0,0,,insufficient_pairs,dollar_liquidity_20,no_eligible_signals
1993-01-05,1,0,0,0,,insufficient_pairs,dollar_liquidity_20,no_eligible_signals
1993-01-06,2,0,0,0,,insufficient_pairs,dollar_liquidity_20,no_eligible_signals
1993-01-07,3,0,0,0,,insufficient_pairs,dollar_liquidity_20,no_eligible_signals
1993-01-08,4,0,0,0,,insufficient_pairs,dollar_liquidity_20,no_eligible_signals
1993-01-11,5,0,0,0,,insufficient_pairs,dollar_liquidity_20,no_eligible_signals
1993-01-12,6,0,0,0,,insufficient_pairs,dollar_liquidity_20,no_eligible_signals
1993-01-13,7,0,0,0,,insufficient_pairs,dollar_liquidity_20,no_eligible_signals
1993-01-14,8,0,0,0,,insufficient_pairs,dollar_liquidity_20,no_eligible_signals
1993-01-15,9,0,0,0,,insufficient_pairs,dollar_liquidity_20,no_eligible_signals
1993-01-18,10,0,0,0,,insufficient_pairs,dollar_liquidity_20,no_eligible_signals
1993-01-19,11,0,0,0,,insufficient_pairs,dollar_liquidity_20,no_eligible_signals
1993-01-20,12,0,0,0,,insufficient_pairs,dollar_liquidity_20,no_eligible_signals
1993-01-21,13,0,0,0,,insufficient_pairs,dollar_liquidity_20,no_eligible_signals
1993-01-22,14,133,133,0,,insufficient_pairs,dollar_liquidity_20,no_finite_feature_numeric_pairs
1993-01-25,15,136,136,0,,insufficient_pairs,dollar_liquidity_20,no_finite_feature_numeric_pairs
1993-01-26,16,138,138,0,,insufficient_pairs,dollar_liquidity_20,no_finite_feature_numeric_pairs
1993-01-27,17,139,138,0,,insufficient_pairs,dollar_liquidity_20,no_finite_feature_numeric_pairs
1993-01-28,18,134,134,0,,insufficient_pairs,dollar_liquidity_20,no_finite_feature_numeric_pairs
1994-10-28,461,166,0,0,,insufficient_pairs,dollar_liquidity_20,no_numeric_labels_under_frozen_policy
1994-11-04,466,163,0,0,,insufficient_pairs,dollar_liquidity_20,no_numeric_labels_under_frozen_policy
1993-01-04,0,0,0,0,,insufficient_pairs,volume_shock_20,no_eligible_signals
1993-01-05,1,0,0,0,,insufficient_pairs,volume_shock_20,no_eligible_signals
1993-01-06,2,0,0,0,,insufficient_pairs,volume_shock_20,no_eligible_signals
1993-01-07,3,0,0,0,,insufficient_pairs,volume_shock_20,no_eligible_signals
1993-01-08,4,0,0,0,,insufficient_pairs,volume_shock_20,no_eligible_signals
1993-01-11,5,0,0,0,,insufficient_pairs,volume_shock_20,no_eligible_signals
1993-01-12,6,0,0,0,,insufficient_pairs,volume_shock_20,no_eligible_signals
1993-01-13,7,0,0,0,,insufficient_pairs,volume_shock_20,no_eligible_signals
1993-01-14,8,0,0,0,,insufficient_pairs,volume_shock_20,no_eligible_signals
1993-01-15,9,0,0,0,,insufficient_pairs,volume_shock_20,no_eligible_signals
1993-01-18,10,0,0,0,,insufficient_pairs,volume_shock_20,no_eligible_signals
1993-01-19,11,0,0,0,,insufficient_pairs,volume_shock_20,no_eligible_signals
1993-01-20,12,0,0,0,,insufficient_pairs,volume_shock_20,no_eligible_signals
1993-01-21,13,0,0,0,,insufficient_pairs,volume_shock_20,no_eligible_signals
1993-01-22,14,133,133,0,,insufficient_pairs,volume_shock_20,no_finite_feature_numeric_pairs
1993-01-25,15,136,136,0,,insufficient_pairs,volume_shock_20,no_finite_feature_numeric_pairs
1993-01-26,16,138,138,0,,insufficient_pairs,volume_shock_20,no_finite_feature_numeric_pairs
1993-01-27,17,139,138,0,,insufficient_pairs,volume_shock_20,no_finite_feature_numeric_pairs
1993-01-28,18,134,134,0,,insufficient_pairs,volume_shock_20,no_finite_feature_numeric_pairs
1993-01-29,19,134,134,0,,insufficient_pairs,volume_shock_20,no_finite_feature_numeric_pairs
1994-10-28,461,166,0,0,,insufficient_pairs,volume_shock_20,no_numeric_labels_under_frozen_policy
1994-11-04,466,163,0,0,,insufficient_pairs,volume_shock_20,no_numeric_labels_under_frozen_policy
1993-01-04,0,0,0,0,,insufficient_pairs,gap_1,no_eligible_signals
1993-01-05,1,0,0,0,,insufficient_pairs,gap_1,no_eligible_signals
1993-01-06,2,0,0,0,,insufficient_pairs,gap_1,no_eligible_signals
1993-01-07,3,0,0,0,,insufficient_pairs,gap_1,no_eligible_signals
1993-01-08,4,0,0,0,,insufficient_pairs,gap_1,no_eligible_signals
1993-01-11,5,0,0,0,,insufficient_pairs,gap_1,no_eligible_signals
1993-01-12,6,0,0,0,,insufficient_pairs,gap_1,no_eligible_signals
1993-01-13,7,0,0,0,,insufficient_pairs,gap_1,no_eligible_signals
1993-01-14,8,0,0,0,,insufficient_pairs,gap_1,no_eligible_signals
1993-01-15,9,0,0,0,,insufficient_pairs,gap_1,no_eligible_signals
1993-01-18,10,0,0,0,,insufficient_pairs,gap_1,no_eligible_signals
1993-01-19,11,0,0,0,,insufficient_pairs,gap_1,no_eligible_signals
1993-01-20,12,0,0,0,,insufficient_pairs,gap_1,no_eligible_signals
1993-01-21,13,0,0,0,,insufficient_pairs,gap_1,no_eligible_signals
1994-10-28,461,166,0,0,,insufficient_pairs,gap_1,no_numeric_labels_under_frozen_policy
1994-11-04,466,163,0,0,,insufficient_pairs,gap_1,no_numeric_labels_under_frozen_policy
1994-11-07,467,167,167,0,,insufficient_pairs,gap_1,no_finite_feature_numeric_pairs
1993-01-04,0,0,0,0,,insufficient_pairs,intraday_1,no_eligible_signals
1993-01-05,1,0,0,0,,insufficient_pairs,intraday_1,no_eligible_signals
1993-01-06,2,0,0,0,,insufficient_pairs,intraday_1,no_eligible_signals
1993-01-07,3,0,0,0,,insufficient_pairs,intraday_1,no_eligible_signals
1993-01-08,4,0,0,0,,insufficient_pairs,intraday_1,no_eligible_signals
1993-01-11,5,0,0,0,,insufficient_pairs,intraday_1,no_eligible_signals
1993-01-12,6,0,0,0,,insufficient_pairs,intraday_1,no_eligible_signals
1993-01-13,7,0,0,0,,insufficient_pairs,intraday_1,no_eligible_signals
1993-01-14,8,0,0,0,,insufficient_pairs,intraday_1,no_eligible_signals
1993-01-15,9,0,0,0,,insufficient_pairs,intraday_1,no_eligible_signals
1993-01-18,10,0,0,0,,insufficient_pairs,intraday_1,no_eligible_signals
1993-01-19,11,0,0,0,,insufficient_pairs,intraday_1,no_eligible_signals
1993-01-20,12,0,0,0,,insufficient_pairs,intraday_1,no_eligible_signals
1993-01-21,13,0,0,0,,insufficient_pairs,intraday_1,no_eligible_signals
1994-10-28,461,166,0,0,,insufficient_pairs,intraday_1,no_numeric_labels_under_frozen_policy
1994-11-04,466,163,0,0,,insufficient_pairs,intraday_1,no_numeric_labels_under_frozen_policy
1994-11-07,467,167,167,0,,insufficient_pairs,intraday_1,no_finite_feature_numeric_pairs
